bus,v
p13udm100144,1.0112901240702432
p13udm100150,1.0153766952131986
p13udm100151,1.0155218097624856
p13udm100156,1.018872287547998
p13udm100157,1.020320279456206
p13udm100162,0.9746149358263954
p13udm100165,0.9863973988035566
p13udm100166,0.9856744986293298
p13udm100171,1.0140263043293947
p13udm100174,1.0166768102777652
p13udm100176,1.0171300903010378
p13udm100180,1.0179137289321956
p13udm100182,1.0150948986164763
p13udm100185,1.0112012376648964
p13udm100186,1.0121081158286982
p13udm100188,1.0120649367977117
p13udm100189,1.0119227528418215
p13udm100191,1.0170097474398552
p13udm100193,1.0180745405216896
p13udm100195,1.0120210592194399
p13udm100197,1.0187239576334104
p13udm100199,1.0181987229868503
p13udm100200,1.0182809857460005
p13udm100204,1.0119884575194333
p13udm100205,1.011904116154668
p13udm100215,1.0106170001734305
p13udm100217,1.0110487555396563
p13udm100218,1.012085540836496
p13udm100990,1.0156284068515875
p13udm100992,1.0156693388060147
p13udm100998,1.0170250314904588
p13udm101000,1.0153051412607919
p13udm101001,1.0157670748647405
p13udm101002,1.0150605751180053
p13udm101007,1.0135526403917128
p13udm101011,1.0204110993705084
p13udm101014,1.019689095071072
p13udm101016,1.0193554861938234
p13udm101020,1.019382184533912
p13udm101026,1.0138282890141177
p13udm19605,1.0204228991697042
p13udm19606,1.020749222248544
p13udm19610,1.0188061566079298
p13udm19613,1.0190653371187859
p13udm27743,1.014895652323087
p13udm27744,1.013957368736925
p13udm27746,1.0169337985619182
p13udm27747,1.0169729779060077
p13udm27748,1.0114996178370743
p13udm27749,1.0111798867617874
p13udm27751,1.012491633567773
p13udm27753,1.014478202744673
p13udm27754,1.0150051673081673
p13udm27755,1.014267258682306
p13udm27756,1.0137690487548607
p13udm27759,1.0151106920611073
p13udm27769,1.0050482551642088
p13udm27770,1.004694147019154
p13udm27771,1.0090739405892315
p13udm27773,1.0088720950285712
p13udm27774,1.0112029980033457
p13udm27776,1.0117950132477038
p13udm27779,1.0169394440065067
p13udm27780,1.0162177373164671
p13udm27781,1.0169750153382704
p13udm27789,1.0125698535699383
p13udm27804,1.0170942049785259
p13udm27806,1.0161219066214184
p13udm27807,1.016687330952834
p13udm27812,1.0152498873155285
p13udm27814,1.0146577104384025
p13udm27815,1.0144090615388592
p13udm27821,1.016992249364172
p13udm27822,1.0163016723077685
p13udm27826,1.016459544313967
p13udm27827,1.0151503572718892
p13udm27828,0.9799658151294564
p13udm27831,0.9796214754485993
p13udm27832,0.9801711990851496
p13udm27835,1.014766010476958
p13udm27836,1.0153841863519784
p13udm27837,1.0154641488232192
p13udm27843,1.0138684216784548
p13udm27846,1.0091406284236568
p13udm27849,1.0096223271257774
p13udm27850,1.009960510119901
p13udm27852,1.0168366115190883
p13udm27854,1.0168836782496338
p13udm27856,1.0142348263124723
p13udm27858,1.0148749465205373
p13udm27859,1.0139095563489013
p13udm27861,1.0114779746637415
p13udm27863,1.011001752613606
p13udm27864,1.0105536831294528
p13udm27866,1.016058868493409
p13udm27867,1.0158368519167649
p13udm27868,1.0150937976897394
p13udm27869,1.014177833078627
p13udm28570,1.0104954236707522
p13udm33608,1.009921956669007
p13udm33610,1.0104762178744338
p13udm33614,1.0098259606309947
p13udm33616,1.0078168057579995
p13udm33619,1.0113349322156693
p13udm33620,1.0137081581063345
p13udm33621,1.0160697118593056
p13udm33622,1.0152631127104401
p13udm33627,1.0142870888625466
p13udm33629,1.0149349291304357
p13udm33645,1.0091747386171575
p13udm33648,1.007771615759549
p13udm33650,1.0095822153348655
p13udm33651,1.0093764551885198
p13udm33655,1.0153253212965816
p13udm33656,1.0153970891828141
p13udm33657,1.0145404283188677
p13udm33658,1.0137543520960877
p13udm33660,1.0148188231531905
p13udm33661,1.0162542149812523
p13udm33663,1.0165329817206845
p13udm33665,1.015839123771039
p13udm33668,1.0151560653733451
p13udm33670,1.0161809672480504
p13udm33671,1.0148159310799654
p13udm33672,1.0137964037503338
p13udm33674,1.0135703918653742
p13udm33676,1.0113461520173974
p13udm33679,1.0090301506561614
p13udm33681,1.008621888387312
p13udm33682,1.0070213904610295
p13udm33684,1.0018542633350065
p13udm33685,1.0047334657141562
p13udm33757,1.01631547593841
p13udm33758,1.0157132858599587
p13udm33762,1.0114596340612956
p13udm33763,1.0109208715337852
p13udm33766,1.0133013458678832
p13udm33768,1.017485560139416
p13udm33771,1.017152413644097
p13udm33772,1.0094428499612245
p13udm33773,1.0104873534824963
p13udm33822,1.0162664988484278
p13udm33823,1.0169102051494048
p13udm34147,1.0090918654966354
p13udm34148,1.0105288328809456
p13udm34150,1.0085726343636445
p13udm34152,1.010880819104309
p13udm34153,1.0079775256819365
p13udm34155,1.0106115433753728
p13udm34178,1.0117359725134065
p13udm34179,1.0104302043808255
p13udm34181,1.0112290019884833
p13udm34185,1.0116116547877236
p13udm34188,1.0107331625894882
p13udm34190,1.0104763627593853
p13udm34193,1.0127890024270287
p13udm34195,1.0129105981516504
p13udm34197,1.0126679209488136
p13udm34199,1.0125306964333396
p13udm34202,1.013250016412732
p13udm34204,1.0128852802122712
p13udm34461,1.010396252590363
p13udm34462,1.0087500956972026
p13udm34463,1.0074985875839881
p13udm34464,1.0083177320460712
p13udm34466,1.0138131269527635
p13udm34467,1.013584255310303
p13udm34682,1.0112338506221437
p13udm34683,1.011871236322905
p13udm34685,1.0125652474357962
p13udm34690,1.0122568915451096
p13udm34692,1.0116323602713617
p13udm34694,1.0111552254136906
p13udm34696,1.0111603275721244
p13udm34697,1.0129541531944115
p13udm34699,1.0141786255513017
p13udm34700,1.0135026436954235
p13udm34701,1.0130104392429953
p13udm34704,1.0116307107830642
p13udm34705,1.0156230267985031
p13udm34707,1.0113322856027374
p13udm34708,1.0133346221452164
p13udm34709,1.0139597300196708
p13udm34710,1.0158841512225563
p13udm34712,1.0147910140741652
p13udm34714,1.0144962073557007
p13udm34718,1.0149605527123002
p13udm34719,1.0141653751566557
p13udm34721,1.011418227894746
p13udm34722,1.011888704008519
p13udm34735,1.012456271216899
p13udm34737,1.0158450392170328
p13udm34738,1.0157589267654692
p13udm34743,1.0152855487513905
p13udm34744,1.014645131856413
p13udm34745,1.0168656225320127
p13udm34750,1.0150116120006458
p13udm34751,1.0150094448111355
p13udm34753,1.0161059890873143
p13udm34758,1.010278511053062
p13udm34759,1.0099006742077665
p13udm34763,1.0160048066425127
p13udm34768,1.0103463237885943
p13udm34771,1.0083442816753736
p13udm34776,1.0102276580914715
p13udm34779,1.016893121259995
p13udm34781,1.0168986605975099
p13udm53218,1.013259789834648
p13udm53219,1.012810924136551
p13udm53223,1.012639198138737
p13udm53225,1.0135986356160598
p13udm53226,1.0134700152193632
p13udm53227,1.013896466130119
p13udm53228,1.0148573325550858
p13udm53230,1.015568095216839
p13udm53231,1.0156533928836555
p13udm53233,1.0154686775594333
p13udm53248,1.0147739701171257
p13udm53249,1.0148144018295326
p13udm53263,1.014060191394272
p13udm53264,1.0149742089542084
p13udm53267,1.0164939422061698
p13udm53279,1.016617003723573
p13udm53280,1.0176653055120255
p13udm53281,1.0167884837693593
p13udm53282,1.017177825385486
p13udm53284,1.0119324566206824
p13udm53285,1.01178072383904
p13udm53286,1.0123024469081712
p13udm53289,1.0153846659641208
p13udm53294,1.015388256369139
p13udm53303,1.017270265553098
p13udm53304,1.017673272628985
p13udm53307,1.013116629298309
p13udm53308,1.0137508322963398
p13udm53310,1.013913109198552
p13udm53311,1.0122010482301453
p13udm53314,1.0127204138923358
p13udm53316,1.0136886505662446
p13udm53319,1.0141119355642434
p13udm53320,1.0135380399819658
p13udm53321,1.012061811391784
p13udm53324,1.0154007235820894
p13udm53325,1.0173844637429204
p13udm53326,1.0139258449838406
p13udm53327,1.0148618679215882
p13udm53328,1.0144392574023424
p13udm53332,1.014122141455443
p13udm53333,1.0114025517360097
p13udm53338,1.013159633156576
p13udm53339,1.0143466035948956
p13udm53341,1.00546448533164
p13udm53342,1.0154727458155448
p13udm53346,1.0137907009595888
p13udm53347,1.0143917758417986
p13udm53348,1.0144676131619597
p13udm53349,1.0134925540833097
p13udm53351,1.0171865456690372
p13udm53353,1.0164346533131245
p13udm53357,1.0107887623402703
p13udm53360,1.012254389237087
p13udm53361,1.0116372317014153
p13udm53365,1.0134742722771293
p13udm53391,1.019342250989783
p13udm53392,1.019086527224947
p13udm53393,1.02009530118548
p13udm53394,1.0197777725861554
p13udm53398,1.0198725215730358
p13udm53399,1.0189115043934884
p13udm53402,1.0190102561574501
p13udm53406,1.0195828939672098
p13udm53407,1.0200085393372351
p13udm53412,1.0190384949761464
p13udm53414,1.0178460371277973
p13udm53415,1.0170343038321175
p13udm53431,1.0004012175207195
p13udm53432,0.9958550739529644
p13udm53433,0.9869055609078552
p13udm53434,1.0122832168753182
p13udm53435,1.0131974845016631
p13udm53436,1.012743380449888
p13udm53438,1.0121409902981044
p13udm53439,1.0162301080475191
p13udm53440,1.0138593345373956
p13udm53441,1.0135148710540252
p13udm53444,1.020915801321571
p13udm53445,1.0182604847356995
p13udm53446,1.0211344684471726
p13udm53447,1.020379847882297
p13udm53450,1.0155689965342414
p13udm53453,1.0158051861056276
p13udm53454,1.0174687074261937
p13udm53455,1.0159818326984893
p13udm53460,1.0171814690325736
p13udm53462,1.0170177611941558
p13udm53463,1.0161562085439169
p13udm53469,1.0196197408432879
p13udm53472,1.0202132075690107
p13udm53473,1.0205356098397067
p13udm53474,1.0202345305822504
p13udm53479,1.0193245222839005
p13udm53480,1.0204302231645537
p13udm53482,1.0207427425356175
p13udm53483,1.019963903816178
p13udm53485,1.0195442756205444
p13udm53488,1.016122911405419
p13udm53490,1.0065841327183729
p13udm53493,1.015276680735825
p13udm53494,1.0184837918907523
p13udm53495,1.0186188201820219
p13udm53496,1.018461647636929
p13udm53498,1.019024636649744
p13udm53501,1.019622219663208
p13udm53503,1.0195862721150346
p13udm53504,1.0164937461731351
p13udm53505,1.019460586234854
p13udm53547,1.0144939237831507
p13udm53549,1.0149034704467668
p13udm53553,1.015271083352134
p13udm53555,1.015645721704853
p13udm53558,1.0148850586846287
p13udm53559,1.0152124441902304
p13udm53561,1.0157701891167186
p13udm56077,1.0112954362541178
p13udm56079,1.0105758134714757
p13udm56081,1.007713151143442
p13udm56082,1.0096576314914465
p13udm56083,1.0105222812960597
p13udm56084,1.0110579197528322
p13udm56085,1.0108199385638295
p13udm56088,1.0118477018092886
p13udm56089,1.0113723775461994
p13udm56218,1.0140413825311807
p13udm56223,1.0139111882058707
p13udm56224,1.0309914548729808
p13udm56225,1.018430023481117
p13udm56226,1.0180208333966139
p13udm56228,1.0177512705839924
p13udm56229,1.0168894662548267
p13udm56231,1.0173055007568608
p13udm56238,1.0148916733609334
p13udm56239,1.0152233825791548
p13udm56242,1.0141806002446918
p13udm56243,1.0150559871003928
p13udm56245,1.014967987397858
p13udm56247,1.0141713693655432
p13udm56250,1.0136201075769997
p13udm56251,1.0171601752930204
p13udm56253,1.016924320960187
p13udm56258,1.0162327807775404
p13udm56262,1.013394645399007
p13udm56269,1.0130680285393994
p13udm56271,1.018130952913421
p13udm56272,1.0178423903747666
p13udm56274,1.0125364135877652
p13udm56275,1.0126413394366183
p13udm56276,1.0164981502104555
p13udm56277,1.0196192451218833
p13udm56278,1.016296055371631
p13udm56281,1.0164407743239305
p13udm56282,1.0157527364039995
p13udm56284,1.0157681278273838
p13udm56285,1.0165052198526188
p13udm56294,1.0141238191905144
p13udm56297,1.0142566986141472
p13udm56298,1.0136789560203212
p13udm56302,1.0161201198324594
p13udm56303,1.0158944046794414
p13udm56304,1.016227273434173
p13udm56308,1.0159047488320319
p13udm56309,1.0107030660295282
p13udm56310,1.0110656054188685
p13udm56311,1.0119696368837428
p13udm56312,1.0126093576735313
p13udm56315,1.0141507045899572
p13udm56317,1.0118855468108148
p13udm56318,1.0070652443555197
p13udm56319,1.0125843300932549
p13udm56320,1.0122972892074462
p13udm56321,1.0073044287931312
p13udm56323,1.0117435613319232
p13udm56324,1.0113006285949706
p13udm56325,1.0148782336327526
p13udm56327,1.01445979192941
p13udm56344,1.0159246188318187
p13udm56348,1.0156608405616874
p13udm56349,1.0152107568377056
p13udm56350,1.0165620295814666
p13udm56351,1.0187588119811468
p13udm56352,1.0183758540090195
p13udm56354,1.0185944275995147
p13udm56355,1.0136845668086898
p13udm56358,1.0130753406209907
p13udm56359,1.0138447824151775
p13udm56418,1.0153342423858667
p13udm56420,1.0150737878592473
p13udm56423,1.0146115688776776
p13udm56424,1.0172460391964304
p13udm56425,1.0162690075873977
p13udm56426,1.0169819184689404
p13udm56429,1.0169275879394204
p13udm56442,1.0182640728873078
p13udm56443,1.0186900894797195
p13udm56447,1.0152809396327216
p13udm56448,1.0155965400974474
p13udm56449,1.0144945625810802
p13udm56453,1.012011593718205
p13udm56455,1.0121615465811735
p13udm56456,1.0137128217783788
p13udm56457,1.0136755730472777
p13udm56460,1.014548892587234
p13udm56461,1.0156081086584883
p13udm56463,1.015178028197235
p13udm56466,1.017799862584892
p13udm56467,1.0171133390950498
p13udm56470,1.018797438551188
p13udm56471,1.00984539495373
p13udm56472,1.0108422784055837
p13udm56474,1.0105153081976308
p13udm56477,1.0169182596488109
p13udm56478,1.0170111322736537
p13udm56479,1.0169948079556492
p13udm56480,1.0175221513408814
p13udm56483,1.0178784373814111
p13udm56485,1.0170681599686304
p13udm56488,1.0114855030825773
p13udm56489,1.0109167979798466
p13udm56490,1.0112613125014067
p13udm56491,1.0111904435312171
p13udm56495,1.0094888450256712
p13udm56497,1.0045929136958889
p13udm56498,1.0059224380720084
p13udm56499,1.006558894969453
p13udm56501,1.0089840614690115
p13udm56502,1.0091022393023827
p13udm56504,1.010610044050343
p13udm56505,1.0193388771413243
p13udm56508,1.017410811522402
p13udm56511,1.0122417940152935
p13udm56512,1.0111616835444366
p13udm56513,1.0112559814321949
p13udm56514,1.0122985421685593
p13udm56517,1.0108168471418724
p13udm56519,1.009006042790948
p13udm56520,1.0178518560813468
p13udm56521,1.017749631094897
p13udm56524,1.0170227416960584
p13udm56526,1.0166012983126382
p13udm56527,1.0166559392572574
p13udm56528,1.0164468687145989
p13udm56529,1.0168767183223664
p13udm56533,1.0170752797479437
p13udm56535,1.016679670919025
p13udm56537,1.0172229206822045
p13udm56538,1.0173473841272296
p13udm56539,1.0162960926816402
p13udm56540,1.0171659462761882
p13udm56542,1.0164399848067953
p13udm56544,1.01560302166863
p13udm56545,1.0152728680037035
p13udm56547,1.0158499480658232
p13udm56549,1.0116215676731741
p13udm56551,1.0142181397307035
p13udm56554,1.013763189884648
p13udm56555,1.0154950540935785
p13udm56556,1.0154948897221445
p13udm56557,1.0159596606031638
p13udm56559,1.0173250169177188
p13udm56561,1.016774988955327
p13udm56562,1.0174335883450212
p13udm56566,1.018051760633388
p13udm56568,1.0183435206546303
p13udm56569,1.0183072411967582
p13udm56572,1.0175559632777
p13udm56573,1.0170755654580557
p13udm56576,1.017708908545285
p13udm56577,1.0139825410226564
p13udm56578,1.015712809683551
p13udm56579,1.016382252442199
p13udm56582,1.0154776142233635
p13udm56584,1.016912540227804
p13udm56586,1.0151984958636382
p13udm56587,1.015795466685222
p13udm56591,1.0135667104812307
p13udm56592,1.0127827013323052
p13udm56595,1.0139273856070132
p13udm56596,1.014093824582753
p13udm56598,1.0140881522781902
p13udm56602,1.0173180228779013
p13udm56604,1.018067405499623
p13udm56607,1.01787211566389
p13udm56608,1.011105309074698
p13udm56609,1.012052329068211
p13udm56610,1.0124667321892447
p13udm56612,1.0019157027506647
p13udm56614,1.0154457295753763
p13udm56615,1.0141780728106191
p13udm56617,1.0124601577551822
p13udm56705,1.0131986404574196
p13udm56706,1.0133381039932967
p13udm95125,1.018285008750225
p13udm95126,1.0184363749614356
p13udm95162,1.012982187404473
p13udm96102,1.0156940225684283
p13udm96103,1.0152511698412368
p13udm96577,1.0219453424971774
p13udm96578,1.022762111032116
p13udm96579,1.023334183792496
p13udm96581,1.023231533771909
p13udm96585,1.0203708666036015
p13udm96587,1.0196929248672593
p13udm96589,1.020961004955244
p13udm96590,1.0211922321385587
p13udm96927,1.0155193531660927
p13udm96928,1.015403661849497
p13udm96942,1.0120393804782992
p13udm96947,1.0165709003500785
p13udm97712,1.0131732302182785
p13udm97713,1.013032731786232
p13udm97715,1.013500458365522
p13udm97754,1.0170260889691125
p13udm97755,1.016715229853265
p13udm98408,1.0108792010884748
p13udm98409,1.0121619920261866
p13udm98427,1.0128352053709464
p13udm98428,1.015130162705026
p13udm98430,1.0154170221975507
p13udm98435,1.014054258079967
p13udm98444,1.0107502034379847
p13udm99233,1.0186507655449275
p13udm99235,1.0181491890031387
p13udm99239,1.0155598322862085
p13udm99240,1.0165352181455811
p13udm99243,1.0164961386160982
p13udm99246,1.0156391527479014
p13udm99248,1.0160890632468957
p13udm99250,1.0178693077893235
p13udm99253,1.0175391053583749
p13udm99255,1.018097159873328
p13udm99257,1.0147220843352163
p13udm99267,1.016779826423126
p13udm99271,1.0164896396051444
p13udm99272,1.0131472353540247
p13udm99273,1.0138310655418346
p13udm99276,1.0167091147769531
p13udm99283,1.0090957922686772
p13udm99285,1.0095147673881868
p13udm99286,1.0104529557861521
p13udm99287,1.0101717839316335
p13udm99895,1.0110027429904935
p13udm99929,1.0184209827781143
p13udm99931,1.0189034894479245
p13udm99933,1.0190300084698924
p13udm99963,1.0123412293575447
p13udm99964,1.012804615804549
p13udm99967,1.013488130883935
p13udm99968,1.0130782391157978
p13udt12483,1.018553610354594
p13udt12483-p13udt12485x,1.018558584830852
p13udt12483-p13udt12485xx,1.0186228991522845
p13udt12483-p13udt12498x,1.0185487598971017
p13udt12483-p13udt12498xx,1.0185225857029268
p13udt12483lv,1.0134417175127175
p13udt12484,1.0185124884836168
p13udt12484-p13udt12485x,1.0185194438175447
p13udt12484-p13udt12485xx,1.0186209194620408
p13udt12484-p13udt12499x,1.0185057146962722
p13udt12484-p13udt12499xx,1.0184384261174937
p13udt12484lv,1.0156102733848937
p13udt12485,1.0186278710084509
p13udt12485-p13udt27211x,1.018639876682253
p13udt12485-p13udt27211xx,1.0187573414571907
p13udt12485lv,1.0162169131033485
p13udt12489,1.0196058817501852
p13udt12489-p13udt27501x,1.0196253432286297
p13udt12489-p13udt27501xx,1.0197797045717893
p13udt12489-p13udt27504x,1.0195866123661672
p13udt12489-p13udt27504xx,1.0192809096100903
p13udt12489lv,1.0156832055510994
p13udt12492,1.0200441560066957
p13udt12492-p13udt12551x,1.0200658817024781
p13udt12492-p13udt12551xx,1.0202235880871935
p13udt12492-p13udt27501x,1.0200246706403355
p13udt12492-p13udt27501xx,1.0198186517349903
p13udt12492lv,1.0157319419751656
p13udt12493,1.0205294485122673
p13udt12493lv,1.0160358251189345
p13udt12494,1.0207481393248574
p13udt12494lv,1.0174698445188792
p13udt12498,1.018517734178781
p13udt12498-p13udt26913x,1.0185129770104067
p13udt12498-p13udt26913xx,1.0184615797847603
p13udt12498lv,1.018419207608229
p13udt12499,1.0184316497462118
p13udt12499-p13udt27217x,1.0184249575359445
p13udt12499-p13udt27217xx,1.018358468385352
p13udt12499lv,1.0127106231268028
p13udt12500,1.0205164787017262
p13udt12500-p13udt27217x,1.0205876831169176
p13udt12500lv,1.0173390469295445
p13udt12501,1.0205058578753274
p13udt12501lv,1.0174412744578856
p13udt12502,1.0205013507830143
p13udt12502lv,1.0173684360848887
p13udt12503,1.0188061502964576
p13udt12503-p13udt12504x,1.018800688594109
p13udt12503-p13udt12504xx,1.0187465522179817
p13udt12503-p13udt27208x,1.0188117287485705
p13udt12503-p13udt27208xx,1.01886699932391
p13udt12503lv,1.0183032568970902
p13udt12504,1.0187410879663685
p13udt12504-p13udt12512x,1.0187356960359122
p13udt12504-p13udt12512xx,1.0186424208112843
p13udt12504lv,1.0139552370757126
p13udt12505,1.0189175453457255
p13udt12505-p13udt12506x,1.0189241240908793
p13udt12505-p13udt12506xx,1.0190226553451665
p13udt12505-p13udt27208x,1.0189110842423457
p13udt12505-p13udt27208xx,1.0188790375866066
p13udt12505lv,1.0144010627774223
p13udt12506,1.0190292302882942
p13udt12506-p13udt27206x,1.0190171326176483
p13udt12506-p13udt27206xx,1.0189249863331384
p13udt12506-p13udt27504x,1.0190481145837975
p13udt12506-p13udt27504xx,1.0192427552433765
p13udt12506lv,1.0150869641010956
p13udt12507,1.0172468730262167
p13udt12507-p13udt27504x,1.0172719306770206
p13udt12507lv,1.0147109633593123
p13udt12508,1.0198272304059353
p13udt12508-p13udt12509x,1.018882959479267
p13udt12508lv,1.016128784081827
p13udt12509,1.0187720007421381
p13udt12509lv,1.0164201817376326
p13udt12510,1.0198245216854536
p13udt12510-p13udt27210x,1.021237083677277
p13udt12510lv,1.0144217667176834
p13udt12511,1.0187650652631137
p13udt12511lv,1.0148887721766724
p13udt12512,1.0186370244261898
p13udt12512-p13udt12513x,1.018631752474253
p13udt12512-p13udt12513xx,1.0186187299149878
p13udt12512lv,1.015023344509658
p13udt12513,1.0186134573306138
p13udt12513-p13udt12514x,1.0186118802541577
p13udt12513-p13udt12514xx,1.018592865662786
p13udt12513-p13udt27215x,1.0186099244168647
p13udt12513-p13udt27215xx,1.018563630899241
p13udt12513lv,1.0176269515585887
p13udt12514,1.0185912854364847
p13udt12514lv,1.0153170111062055
p13udt12515,1.018489525883143
p13udt12515-p13udt27219x,1.018492788800658
p13udt12515-p13udt27219xx,1.0185092917115393
p13udt12515-p13udt8137x,1.0184863625872156
p13udt12515-p13udt8137xx,1.0184623526090484
p13udt12515lv,1.0173050865564184
p13udt12516,1.0182581899979977
p13udt12516lv,1.0121289015863932
p13udt12517,1.0182224304173924
p13udt12517lv,1.015553966711518
p13udt12518,1.0185276256697489
p13udt12518-p13udt27215x,1.0185310152010383
p13udt12518-p13udt27215xx,1.018556707016552
p13udt12518-p13udt27219x,1.0185242981065277
p13udt12518-p13udt27219xx,1.0185158815317685
p13udt12518lv,1.0138750202001434
p13udt12524,1.024333808279261
p13udt12524-p13udt25969x,1.0242864451681168
p13udt12524-p13udt25969xx,1.0239657631337415
p13udt12524-p13udt26468x,1.0243813230863885
p13udt12524-p13udt26468xx,1.024720890566783
p13udt12524lv,1.020871786341068
p13udt12525,1.023171459770805
p13udt12525-p13udt12527x,1.0231714604242124
p13udt12525-p13udt12527xx,1.0231890558002052
p13udt12525-p13udt4538x,1.0231714594499486
p13udt12525-p13udt4538xx,1.023159879396917
p13udt12525lv,1.0196517107725014
p13udt12526,1.0232054935784818
p13udt12526-p13udt12527x,1.0232054926650687
p13udt12526-p13udt12527xx,1.0231890573664328
p13udt12526-p13udt12541x,1.0233190875144051
p13udt12526lv,1.0205469957715279
p13udt12527,1.023189056451837
p13udt12527lv,1.0180411820925337
p13udt12530,1.0234693860049993
p13udt12530-p13udt12543x,1.0234251785600892
p13udt12530-p13udt12543xx,1.0231993827746704
p13udt12530-p13udt25969x,1.023514247826377
p13udt12530-p13udt25969xx,1.023873538678585
p13udt12530lv,1.0010552581674568
p13udt12531,1.022734242863027
p13udt12531-p13udt12532x,1.0226910346349547
p13udt12531-p13udt12532xx,1.022301254808039
p13udt12531-p13udt12543x,1.0227776903652996
p13udt12531-p13udt12543xx,1.0231117276646635
p13udt12531lv,1.0134534892902456
p13udt12532,1.0222580482968395
p13udt12532-p13udt12536x,1.0222580328861441
p13udt12532lv,1.0214906418214753
p13udt12533,1.0218791549976232
p13udt12533lv,1.01796320101006
p13udt12534,1.0214312873722047
p13udt12534-p13udt12535x,1.0214305590918293
p13udt12534-p13udt12535xx,1.0214184171274563
p13udt12534lv,1.0178129884689127
p13udt12535,1.02141768452954
p13udt12535-p13udt25972x,1.021417022181678
p13udt12535-p13udt25972xx,1.0214168461407616
p13udt12535lv,1.0178515522636433
p13udt12536,1.0221214237928982
p13udt12536lv,1.0180696033105723
p13udt12537,1.0216746941088175
p13udt12537lv,1.0203795058203247
p13udt12538,1.0249473553496777
p13udt12538-p13udt28236x,1.0249473559256872
p13udt12538-p13udt28236xx,1.0249612103118493
p13udt12538lv,1.0212896361940125
p13udt12539,1.0249823354553118
p13udt12539-p13udt28234x,1.0249823368420037
p13udt12539-p13udt28234xx,1.025019477981114
p13udt12539-p13udt28234xxx,1.0250194793660456
p13udt12539-p13udt28236x,1.0249823346399847
p13udt12539-p13udt28236xx,1.0249612117033051
p13udt12539lv,1.0215320464783977
p13udt12540,1.0238591227762606
p13udt12540lv,1.018852186425534
p13udt12541,1.0238797098238377
p13udt12541-p13udt28245x,1.0231875933945402
p13udt12541lv,1.0172350797908325
p13udt12542,1.024374107580009
p13udt12542-p13udt27849x,1.0243741089357732
p13udt12542-p13udt27849xx,1.0244228142458636
p13udt12542-p13udt28247x,1.0243741066935748
p13udt12542-p13udt28247xx,1.0243661283988332
p13udt12542lv,1.0198035626729858
p13udt12543,1.023155176507955
p13udt12543-p13udt27849x,1.0245921855758133
p13udt12543-p13udt27849xx,1.0245921836605056
p13udt12543-p13udt27849xxx,1.0244228175203494
p13udt12543lv,1.0200123156842236
p13udt12549,1.0211575244279276
p13udt12549lv,1.0179384801928357
p13udt12550,1.020387099743239
p13udt12550lv,1.0164020634369364
p13udt12551,1.0202453132996372
p13udt12551-p13udt27492x,1.0202409458280748
p13udt12551-p13udt27492xx,1.0201941936794003
p13udt12551lv,1.0136675678441176
p13udt12552,1.0194513511890586
p13udt12552-p13udt12553x,1.0194513498092892
p13udt12552-p13udt12553xx,1.0194139018863266
p13udt12552-p13udt27489x,1.0194513531210418
p13udt12552-p13udt27489xx,1.0194862813157624
p13udt12552lv,1.0162534789432098
p13udt12553,1.0194139005047853
p13udt12553-p13udt12554x,1.0194138995076436
p13udt12553-p13udt12554xx,1.0193868321979471
p13udt12553lv,1.015420345810762
p13udt12554,1.0193868311990302
p13udt12554-p13udt27865x,1.0193868307119014
p13udt12554-p13udt27865xx,1.0193736032912315
p13udt12554lv,1.0161679961688965
p13udt12555,1.0193684017270153
p13udt12555-p13udt27865x,1.0193684020150497
p13udt12555-p13udt27865xx,1.0193736025154765
p13udt12555lv,1.0161487307011432
p13udt12556,1.0217618737913774
p13udt12556-p13udt27858x,1.0209965807040347
p13udt12556lv,1.0185527945100712
p13udt13268,1.0154971954892993
p13udt13268-p13udt13269x,1.0154971961178236
p13udt13268-p13udt13269xx,1.015512927201098
p13udt13268-p13udt13389x,1.0154971953520955
p13udt13268-p13udt13389xx,1.0154892098960435
p13udt13268lv,1.012613050692956
p13udt13269,1.0155129278279842
p13udt13269-p13udt13344x,1.0155129287487168
p13udt13269-p13udt13344xx,1.0155744282875692
p13udt13269lv,1.0122935961936075
p13udt13296,1.0202028042220472
p13udt13296-p13udt13308x,1.0202028052571441
p13udt13296-p13udt13308xx,1.0202406801107897
p13udt13296-p13udt13308xxx,1.020240681143486
p13udt13296lv,1.0155109729031984
p13udt13297,1.0209784370398942
p13udt13297-p13udt28242x,1.020963896009011
p13udt13297-p13udt28242xx,1.0208643991025215
p13udt13297-p13udt28246x,1.0209926264194797
p13udt13297-p13udt28246xx,1.0210254305388176
p13udt13297lv,1.0244626191572714
p13udt13298,1.020582238322335
p13udt13298-p13udt13299x,1.0205695871165872
p13udt13298-p13udt13299xx,1.020471845677589
p13udt13298-p13udt28244x,1.020595091416934
p13udt13298-p13udt28244xx,1.020694397186753
p13udt13298lv,1.0190433616475212
p13udt13299,1.0204591925932265
p13udt13299-p13udt28232x,0.0
p13udt13299-p13udt28232xx,0.0
p13udt13299-p13udt28241x,1.02044665170972
p13udt13299-p13udt28241xx,1.0201725298538802
p13udt13299lv,1.0174491056619264
p13udt13301,1.0199593642727989
p13udt13301-p13udt27492x,1.0199627235200566
p13udt13301-p13udt27492xx,1.0201864815630202
p13udt13301-p13udt27496x,1.0199592267076305
p13udt13301-p13udt27496xx,1.0199591904589338
p13udt13301-p13udt27499x,1.019956204271404
p13udt13301-p13udt27499xx,1.019923788357948
p13udt13301lv,1.0158236752742464
p13udt13302,1.0186848113096758
p13udt13302-p13udt27491x,1.0186848110148763
p13udt13302-p13udt27491xx,1.0186773226018055
p13udt13302lv,1.0157657616010782
p13udt13303,1.0203074743043776
p13udt13303-p13udt13306x,1.020307474896338
p13udt13303-p13udt13306xx,1.0203326649497086
p13udt13303-p13udt27864x,1.0203074740963038
p13udt13303-p13udt27864xx,1.0203039144471717
p13udt13303lv,1.0176486889690874
p13udt13304,1.0186726193383566
p13udt13304lv,1.015602335078127
p13udt13305,1.018690288472492
p13udt13305lv,1.0160286266563876
p13udt13306,1.020332665538873
p13udt13306-p13udt13358x,1.0203326662673615
p13udt13306-p13udt13358xx,1.0203769806366247
p13udt13306lv,1.0182849396664901
p13udt13307,1.0168328941123728
p13udt13307-p13udt27863x,1.016835981330743
p13udt13307lv,1.0134193719623408
p13udt13308,1.0208084378985536
p13udt13308-p13udt13309x,1.0208079671742596
p13udt13308-p13udt13309xx,1.020805753481682
p13udt13308-p13udt28251x,1.0208093089286858
p13udt13308-p13udt28251xx,1.0208207085107168
p13udt13308lv,1.0169006705159234
p13udt13309,1.020805281526841
p13udt13309-p13udt27860x,1.0226245607934186
p13udt13309-p13udt27860xx,1.022624560264757
p13udt13309-p13udt27860xxx,1.0226070095702087
p13udt13309lv,1.0173757329989492
p13udt13310,1.0200516568607423
p13udt13310-p13udt27848x,1.0200394142060665
p13udt13310-p13udt27848xx,1.0198954495209007
p13udt13310-p13udt28241x,1.0200640274560226
p13udt13310-p13udt28241xx,1.0201476146629715
p13udt13310lv,1.017137742485464
p13udt13312,1.0188000341654677
p13udt13312-p13udt28238x,1.0188000345363843
p13udt13312-p13udt28238xx,1.0188166128481013
p13udt13312lv,1.0149000776811017
p13udt13313,1.019714256794092
p13udt13313-p13udt27852x,1.0197263046212655
p13udt13313-p13udt27852xx,1.019786572687289
p13udt13313lv,1.016818937277506
p13udt13314,1.019384709002652
p13udt13314-p13udt13315x,1.0169336578256987
p13udt13314-p13udt27851x,1.0193789828376565
p13udt13314lv,1.0158799260660776
p13udt13315,1.0164913806377867
p13udt13315-p13udt27859x,1.016491374628083
p13udt13315-p13udt27859xx,1.0162260908219711
p13udt13315lv,1.0134851210548637
p13udt13316,1.018832648581096
p13udt13316-p13udt13319x,1.0188326496705338
p13udt13316-p13udt13319xx,1.0188619489998307
p13udt13316-p13udt28238x,1.0188326479857452
p13udt13316-p13udt28238xx,1.018816613813191
p13udt13316lv,1.0157105615080018
p13udt13319,1.018861950087508
p13udt13319-p13udt13321x,1.0188619515542647
p13udt13319-p13udt13321xx,1.0189145544370541
p13udt13319lv,1.0162601378752927
p13udt13320,1.0191129342336243
p13udt13320-p13udt27854x,1.0218468451500322
p13udt13320-p13udt27854xx,1.02184684343946
p13udt13320-p13udt27854xxx,1.0217745260157314
p13udt13320lv,1.0190908089316815
p13udt13321,1.0189145559014694
p13udt13321-p13udt27851x,1.0190519231365438
p13udt13321lv,1.0145688639295918
p13udt13330,1.0189474230935185
p13udt13330lv,1.0166000367211976
p13udt13331,1.0217112115434182
p13udt13331-p13udt13333x,1.0217284241108628
p13udt13331lv,1.017801283872277
p13udt13333,1.0189348851694653
p13udt13333lv,1.0157466227426353
p13udt13334,1.0189230886870164
p13udt13334lv,1.0191871253175986
p13udt13335,1.0189171460580884
p13udt13335lv,1.0078933325176227
p13udt13336,1.0187402140563657
p13udt13336-p13udt26910x,1.018740212598467
p13udt13336-p13udt26910xx,1.0186865386989554
p13udt13336-p13udt28239x,1.0188345967912489
p13udt13336lv,1.0160271291542449
p13udt13337,1.0157636043820246
p13udt13337-p13udt27847x,1.0157636094858336
p13udt13337-p13udt27847xx,1.0158567998279238
p13udt13337-p13udt27850x,1.0157635995764487
p13udt13337-p13udt27850xx,1.0156318443295442
p13udt13337lv,1.0124909227881447
p13udt13338,1.0186767255726437
p13udt13338-p13udt13339x,1.0186767248251718
p13udt13338-p13udt13339xx,1.0186629654014352
p13udt13338-p13udt26910x,1.018676726639108
p13udt13338-p13udt26910xx,1.0186865361727955
p13udt13338lv,1.0152633405841978
p13udt13339,1.0186629646527587
p13udt13339-p13udt26911x,1.018662964243776
p13udt13339-p13udt26911xx,1.0186516568092
p13udt13339lv,1.0162595929592282
p13udt13340,1.0190360606360616
p13udt13340-p13udt27847x,1.0163254623220748
p13udt13340lv,1.0192047454040618
p13udt13341,1.0153176630806824
p13udt13341-p13udt13343x,1.0153176656718084
p13udt13341-p13udt13343xx,1.0154037594521979
p13udt13341-p13udt27862x,1.0153176608529189
p13udt13341-p13udt27862xx,1.0152186213303824
p13udt13341lv,1.0115486372293692
p13udt13342,1.0217217402056773
p13udt13342-p13udt27857x,1.0217217407158314
p13udt13342-p13udt27857xx,1.0217444588850446
p13udt13342lv,1.0187371852763907
p13udt13343,1.0154037620411935
p13udt13343-p13udt13344x,1.0154037649488405
p13udt13343-p13udt13344xx,1.0155744263000301
p13udt13343lv,1.012042078095528
p13udt13344,1.0155744292039341
p13udt13344-p13udt27866x,1.0155744338891064
p13udt13344-p13udt27866xx,1.0157859193992769
p13udt13344lv,1.0114368959643332
p13udt13345,1.0217536711929471
p13udt13345-p13udt27854x,1.0217536723594522
p13udt13345-p13udt27854xx,1.021774523137067
p13udt13345-p13udt27857x,1.021753670163827
p13udt13345-p13udt27857xx,1.0217444604219685
p13udt13345lv,1.0197445805628682
p13udt13346,1.0213542169277379
p13udt13346-p13udt13348x,1.0213542173967163
p13udt13346-p13udt13348xx,1.0213584611710362
p13udt13346lv,1.018366226040336
p13udt13347,1.016021323313537
p13udt13347-p13udt27859x,1.0160213290143487
p13udt13347-p13udt27859xx,1.0162260791110131
p13udt13347-p13udt27866x,1.0160213181010096
p13udt13347-p13udt27866xx,1.0157859292969165
p13udt13347lv,1.0130574125505158
p13udt13348,1.0213584616394191
p13udt13348-p13udt27488x,1.0213584624891188
p13udt13348-p13udt27488xx,1.0213892204370747
p13udt13348lv,1.0186007612879664
p13udt13349,1.0213294606975967
p13udt13349-p13udt27487x,1.0213294628098566
p13udt13349-p13udt27487xx,1.0214615533696596
p13udt13349-p13udt27493x,1.0213294592703241
p13udt13349-p13udt27493xx,1.0212910972270135
p13udt13349lv,1.0178536564993959
p13udt13350,1.0192959437977087
p13udt13350lv,1.0148120375351461
p13udt13351,1.0215651269894146
p13udt13351-p13udt13356x,1.0215651312304825
p13udt13351-p13udt13356xx,1.0216788776946615
p13udt13351-p13udt27487x,1.0215651231299638
p13udt13351-p13udt27487xx,1.0214615593390102
p13udt13351lv,1.01782606688524
p13udt13352,1.019340113978464
p13udt13352lv,1.0165660330812685
p13udt13353,1.0204349987635557
p13udt13353-p13udt13354x,1.0204349979222391
p13udt13353-p13udt13354xx,1.020396647242139
p13udt13353-p13udt13358x,1.020434997672392
p13udt13353-p13udt13358xx,1.0203769824557551
p13udt13353-p13udt13362x,1.0204350010825525
p13udt13353-p13udt13362xx,1.0205427135389757
p13udt13353lv,1.017996435634891
p13udt13354,1.0203966463978427
p13udt13354-p13udt27497x,1.0203966459247908
p13udt13354-p13udt27497xx,1.0203816816249556
p13udt13354lv,1.0166689100851305
p13udt13355,1.0212695672909446
p13udt13355-p13udt27490x,1.0212695668782483
p13udt13355-p13udt27490xx,1.021262153421442
p13udt13355-p13udt27493x,1.0212695684938076
p13udt13355-p13udt27493xx,1.0212910945962952
p13udt13355lv,1.0145926024261684
p13udt13356,1.021678881934062
p13udt13356-p13udt25970x,1.0218031702362047
p13udt13356lv,1.0178971298349127
p13udt13357,1.019265630305056
p13udt13357lv,1.0165952457022758
p13udt13358,1.0203769813611177
p13udt13358lv,1.016384702818674
p13udt13359,1.0209468297421451
p13udt13359-p13udt13360x,1.0209468260066672
p13udt13359-p13udt13360xx,1.0208080048853951
p13udt13359-p13udt13363x,1.0209468339155594
p13udt13359-p13udt13363xx,1.0210243576793359
p13udt13359lv,1.0180141323481577
p13udt13360,1.0208080011475587
p13udt13360-p13udt27500x,1.0208079976874058
p13udt13360-p13udt27500xx,1.0207437253651492
p13udt13360lv,1.0185969820683045
p13udt13361,1.0206814888839977
p13udt13361-p13udt13362x,1.0206814858972748
p13udt13361-p13udt13362xx,1.0205427188446607
p13udt13361-p13udt27500x,1.0206814922353282
p13udt13361-p13udt27500xx,1.0207437185536674
p13udt13361lv,1.0182983661165002
p13udt13362,1.0205427158549552
p13udt13362lv,1.0170415553541445
p13udt13363,1.021024361851578
p13udt13363-p13udt13365x,1.0210243661743597
p13udt13363-p13udt13365xx,1.0211046741436824
p13udt13363-p13udt13365xxx,1.0211046784652982
p13udt13363lv,1.0181917358042056
p13udt13364,1.019893827578091
p13udt13364lv,1.0171182111170747
p13udt13365,1.019788697527842
p13udt13365-p13udt13366x,1.0197903026518613
p13udt13365-p13udt13366xx,1.0197945060202032
p13udt13365lv,1.0144943254937353
p13udt13366,1.019796110468923
p13udt13366lv,1.014675778780779
p13udt13367,1.018499517255478
p13udt13367-p13udt27200x,1.0184985717173938
p13udt13367-p13udt27200xx,1.0184912950168246
p13udt13367-p13udt27204x,1.0185005824679338
p13udt13367-p13udt27204xx,1.01850587015435
p13udt13367lv,1.0147525915806868
p13udt13368,1.018518519355855
p13udt13368-p13udt27204x,1.0185172940737353
p13udt13368-p13udt27204xx,1.018508161298129
p13udt13368-p13udt27207x,1.0185198448772186
p13udt13368-p13udt27207xx,1.0185297099914015
p13udt13368lv,1.0183193604395089
p13udt13369,1.0184784326873728
p13udt13369-p13udt13370x,1.0184789368712426
p13udt13369-p13udt13370xx,1.0184815157226277
p13udt13369-p13udt27503x,1.0184781032513985
p13udt13369-p13udt27503xx,1.0184741818300338
p13udt13369lv,1.013581846708909
p13udt13370,1.0184820185683765
p13udt13370-p13udt25975x,1.0184825719388646
p13udt13370-p13udt25975xx,1.0184839885620705
p13udt13370lv,1.0131385186636321
p13udt13371,1.0204874242749222
p13udt13371-p13udt27502x,1.020487425085085
p13udt13371-p13udt27502xx,1.0205011814392928
p13udt13371lv,1.016387220967125
p13udt13389,1.0154892097550916
p13udt13389lv,1.0134725845058463
p13udt25969,1.0239184020491388
p13udt25969lv,1.0186123760839731
p13udt25970,1.019274008556305
p13udt25970lv,1.0130464929153848
p13udt25972,1.0214161837236935
p13udt25972lv,1.0142285858087414
p13udt25973,1.019982490746884
p13udt25973lv,1.0127132901175406
p13udt25974,1.0199999335440042
p13udt25974lv,1.013247658135345
p13udt25975,1.0184845412629362
p13udt25975-p13udt27200x,1.0184853572438346
p13udt25975-p13udt27200xx,1.0184895328283718
p13udt25975lv,1.0102697633851088
p13udt25987,1.0162031073607833
p13udt25987-p13udt28225x,1.0162350722825841
p13udt25987lv,1.0133855019694797
p13udt26308,1.0184831942774433
p13udt26308-p13udt6465x,1.0184831945793102
p13udt26308-p13udt6465xx,1.0184834755694951
p13udt26308-p13udt6465xxx,1.0184834758712993
p13udt26308lv,1.0159106884493267
p13udt26315,1.0176792351308934
p13udt26315-p13udt6464x,1.0176812803220183
p13udt26315-p13udt6464xx,1.0176997906115843
p13udt26315-p13udt6466x,1.0176773504481025
p13udt26315-p13udt6466xx,1.0176686501803491
p13udt26315lv,1.0105302395981899
p13udt26318,1.0181730341168642
p13udt26318-p13udt6443x,1.0181724377930346
p13udt26318-p13udt6443xx,1.0181694728346804
p13udt26318-p13udt6456x,1.0181737150101744
p13udt26318-p13udt6456xx,1.0181785925695983
p13udt26318lv,1.0107242161419574
p13udt26321,1.017617141694145
p13udt26321-p13udt6454x,1.017618355288579
p13udt26321-p13udt6454xx,1.017624605806232
p13udt26321-p13udt6615x,1.0176166735140992
p13udt26321-p13udt6615xx,1.0176115047032992
p13udt26321-p13udt6617x,1.0179503621651051
p13udt26321lv,1.0116050998858597
p13udt26324,1.017607154801892
p13udt26324lv,1.01862232397488
p13udt26466,1.0258204927384915
p13udt26466-p13udt4541x,1.025772606108415
p13udt26466-p13udt4541xx,1.0256217561689158
p13udt26466-p13uhs22_1247x,1.0274995200684092
p13udt26466lv,1.0234079351686725
p13udt26468,1.0247684096216139
p13udt26468-p13udt4537x,1.024816074858877
p13udt26468-p13udt4537xx,1.0250886028437698
p13udt26468lv,1.021593827648535
p13udt26631,1.018138222043999
p13udt26631-p13udt26934x,1.0181347045523044
p13udt26631-p13udt26934xx,1.018097911952751
p13udt26631-p13udt7898x,1.0181418104770634
p13udt26631-p13udt7898xx,1.0181579265843557
p13udt26631lv,1.0158889517410827
p13udt26632,1.0174828638769793
p13udt26632lv,1.0085118820287606
p13udt26633,1.0183582017552812
p13udt26633-p13udt7919x,1.0183584141485997
p13udt26633-p13udt7919xx,1.0183584699775745
p13udt26633lv,1.0116524620862704
p13udt26638,1.0189119090624625
p13udt26638-p13udt8149x,1.0189120408650245
p13udt26638lv,1.0158224510720033
p13udt26642,1.0180163276971879
p13udt26642-p13udt8149x,1.018080836207882
p13udt26642lv,1.0122547906290689
p13udt26644,1.017989340171044
p13udt26644lv,1.0181070627037583
p13udt26645,1.018205974993112
p13udt26645-p13udt6448x,1.018206286892303
p13udt26645-p13udt6448xx,1.0182086038559948
p13udt26645-p13udt6468x,1.0182057099506743
p13udt26645-p13udt6468xx,1.0182033761084919
p13udt26645lv,1.0170077424358728
p13udt26910,1.018686537238657
p13udt26910lv,1.0146010183249978
p13udt26911,1.0186516563984087
p13udt26911lv,1.0144567647762037
p13udt26913,1.01845682043455
p13udt26913-p13udt7919x,1.018452367115813
p13udt26913-p13udt7919xx,1.018363139761526
p13udt26913lv,1.0118771651526144
p13udt26918,1.0179915101532462
p13udt26918lv,1.0087678824134627
p13udt26934,1.0180943923072534
p13udt26934-p13udt7894x,1.0180909161405973
p13udt26934-p13udt7894xx,1.0180306492573927
p13udt26934lv,1.0173829159589383
p13udt26947,1.0138334879420536
p13udt26947lv,1.0126419825971227
p13udt27200,1.0184903474713634
p13udt27200lv,1.0125730045109522
p13udt27204,1.018506934068144
p13udt27204lv,1.0133681822868668
p13udt27206,1.01891288739123
p13udt27206-p13udt27211x,1.0189008382551548
p13udt27206-p13udt27211xx,1.0187813962865717
p13udt27206lv,1.0132156784146682
p13udt27207,1.0185310335649427
p13udt27207lv,1.0157928756064507
p13udt27208,1.0188725752283123
p13udt27208lv,1.008893141775986
p13udt27210,1.0212363629079506
p13udt27210lv,1.019636744924819
p13udt27211,1.018769345467805
p13udt27211lv,1.0144294574982344
p13udt27213,1.0185611259096488
p13udt27213lv,1.0141286579017326
p13udt27215,1.0185600945687094
p13udt27215lv,1.0118894626051613
p13udt27217,1.0183517735887648
p13udt27217lv,1.0158223931214576
p13udt27219,1.0185125533098718
p13udt27219lv,1.015387126226235
p13udt27408,1.0150288325352737
p13udt27408-p13udt8009x,1.0150288334308246
p13udt27408-p13udt8009xx,1.0150616706761721
p13udt27408-p13udt8013x,1.015028832060323
p13udt27408-p13udt8013xx,1.0150157419459056
p13udt27408lv,1.0122655540329601
p13udt27487,1.0214615554778723
p13udt27487-p13udt27488x,1.0214615541422607
p13udt27487-p13udt27488xx,1.0213892226235486
p13udt27487lv,1.0187914723107938
p13udt27488,1.021389221284398
p13udt27488lv,1.0181889059743359
p13udt27489,1.0194862832465694
p13udt27489-p13udt27495x,1.0194862854771836
p13udt27489-p13udt27495xx,1.0195981813427908
p13udt27489-p13udt27495xxx,1.0195981835701542
p13udt27489lv,1.0162363392183655
p13udt27490,1.0212621530075658
p13udt27490lv,1.0186217494540228
p13udt27491,1.0186773223053454
p13udt27491lv,1.0154015002722774
p13udt27492,1.0201898234397084
p13udt27492-p13udt27495x,1.0201888689077592
p13udt27492-p13udt27495xx,1.0201866584138062
p13udt27492lv,1.0173381129121895
p13udt27493,1.0212910957979848
p13udt27493lv,1.0185115416808581
p13udt27495,1.0201857032743
p13udt27495lv,1.0110914224977232
p13udt27496,1.019959052824399
p13udt27496lv,1.015680952924145
p13udt27497,1.0203816811498398
p13udt27497lv,1.0170264814847447
p13udt27498,1.0187363423909221
p13udt27498-p13udt27499x,1.0188386617537302
p13udt27498lv,1.0144643793621302
p13udt27499,1.019920625688756
p13udt27499lv,1.0171276279939394
p13udt27500,1.0207437219038122
p13udt27500lv,1.0180140644190232
p13udt27501,1.0197991652479355
p13udt27501lv,1.0197540958661677
p13udt27502,1.0205011822483394
p13udt27502-p13udt27503x,1.0205011831148951
p13udt27502-p13udt27503xx,1.0205152659751784
p13udt27502-p13udt27503xxx,1.020515266840666
p13udt27502lv,1.0189010133294003
p13udt27503,1.0184738493101304
p13udt27503lv,1.0164028515967785
p13udt27504,1.0192616384417057
p13udt27504lv,1.0112708140847255
p13udt27726,1.016189317871117
p13udt27726lv,1.0128926601085788
p13udt27733,1.0188993972930531
p13udt27733-p13udt8015x,1.0188990630640804
p13udt27733-p13udt8015xx,1.0188982001422773
p13udt27733-p13udt8016x,1.0188997887877438
p13udt27733-p13udt8016xx,1.0189038104339598
p13udt27733lv,1.0193894074204284
p13udt27738,1.0187235526410627
p13udt27738-p13udt27742x,1.0187235525662501
p13udt27738-p13udt27742xx,1.0187214984785113
p13udt27738-p13udt8019x,1.0187235532115233
p13udt27738-p13udt8019xx,1.0187390141936772
p13udt27738lv,1.0142063392021172
p13udt27742,1.0187214984019124
p13udt27742lv,1.016769445644927
p13udt27847,1.0158568049305476
p13udt27847lv,1.012039925767011
p13udt27848,1.0198832039999892
p13udt27848-p13udt27852x,1.0198711227986117
p13udt27848-p13udt27852xx,1.0198107017158005
p13udt27848lv,1.0163545120827795
p13udt27849,1.0244228155992678
p13udt27849lv,1.020811553023961
p13udt27850,1.0156318395221915
p13udt27850-p13udt27856x,1.0156318391205714
p13udt27850-p13udt27856xx,1.0156135942938898
p13udt27850lv,0.9872139947399232
p13udt27851,1.019249907152041
p13udt27851lv,1.0147661291661791
p13udt27852,1.0197986193080526
p13udt27852lv,1.0166971006277996
p13udt27853,1.0216746567683235
p13udt27853lv,1.0162700589191505
p13udt27854,1.0217745243023995
p13udt27854lv,1.0182381556371667
p13udt27855,1.0218512217500793
p13udt27855lv,1.0173330057546677
p13udt27856,1.0156135938893114
p13udt27856lv,1.0130014019566473
p13udt27857,1.0217444593922604
p13udt27857lv,1.0183966788315768
p13udt27858,1.020996495194418
p13udt27858lv,1.0188754690048163
p13udt27859,1.0162260848097375
p13udt27859lv,1.0128901965897668
p13udt27860,1.0226070090393675
p13udt27860lv,1.0194112827402964
p13udt27862,1.015218619099757
p13udt27862-p13udt8014x,1.015218617183643
p13udt27862-p13udt8014xx,1.015116872807579
p13udt27862lv,1.012954197965371
p13udt27863,1.019261850445113
p13udt27863lv,1.012464848124609
p13udt27864,1.020303914237978
p13udt27864lv,1.017715684249222
p13udt27865,1.019373602802324
p13udt27865lv,1.0177112531869592
p13udt27866,1.015785924081716
p13udt27866lv,1.0128140742912923
p13udt28225,1.018912547253132
p13udt28225lv,1.0196635954628273
p13udt28231,1.0238354827013392
p13udt28231-p13udt28234x,1.0238345430043383
p13udt28231-p13udt28234xx,1.0238297979141209
p13udt28231lv,1.0207874746797776
p13udt28234,1.0238288568892477
p13udt28234-p13udt28237x,1.0238284209143296
p13udt28234-p13udt28237xx,1.0238283060951596
p13udt28234lv,1.0203186224448626
p13udt28235,1.0238489981809773
p13udt28235lv,1.0206419858804048
p13udt28236,1.0249612108862736
p13udt28236lv,1.022357639716583
p13udt28237,1.0238278700506687
p13udt28237lv,1.0186817307337772
p13udt28238,1.0188166132160774
p13udt28238lv,1.0162174777588833
p13udt28239,1.018962680492983
p13udt28239lv,1.0180382012911415
p13udt28240,1.0189752175109146
p13udt28240lv,1.0175613492023179
p13udt28241,1.0201599836183226
p13udt28241lv,1.0164613602013364
p13udt28242,1.020849856481507
p13udt28242-p13udt28244x,1.020836886603005
p13udt28242-p13udt28244xx,1.0207202204697612
p13udt28242-p13udt28252x,1.0208485149975608
p13udt28242-p13udt28252xx,1.0208298236578688
p13udt28242lv,1.0163984530266417
p13udt28243,1.018988591975415
p13udt28243lv,1.017318826066746
p13udt28244,1.020707248410493
p13udt28244lv,1.0165957020398073
p13udt28245,1.0231873828356908
p13udt28245lv,1.0207455457459913
p13udt28246,1.0210396193955338
p13udt28246lv,1.0152949705107792
p13udt28247,1.0243661275118066
p13udt28247-p13udt28248x,1.024366127232933
p13udt28247-p13udt28248xx,1.0243636177528186
p13udt28247lv,1.0206343942106892
p13udt28248,1.024363617473352
p13udt28248lv,1.0211891084533953
p13udt28249,1.021423572437573
p13udt28249lv,1.0161096478657208
p13udt28250,1.0213464271611856
p13udt28250lv,1.0211444473835238
p13udt28251,1.020821576113372
p13udt28251-p13udt28252x,1.0208225716738237
p13udt28251-p13udt28252xx,1.0208274842824137
p13udt28251lv,1.0153521243763097
p13udt28252,1.0208284785530628
p13udt28252lv,1.0124157292614029
p13udt4537,1.025136271606759
p13udt4537-p13udt4541x,1.025184103885569
p13udt4537-p13udt4541xx,1.025526035151396
p13udt4537lv,1.0215908763768065
p13udt4538,1.023159879073691
p13udt4538lv,1.0197305535067334
p13udt4541,1.0255738717414735
p13udt4541lv,1.022068889632565
p13udt6440,1.018158817080451
p13udt6440-p13udt6441x,1.0181589957875117
p13udt6440-p13udt6441xx,1.0181606348370096
p13udt6440-p13udt6608x,1.0181587369556035
p13udt6440-p13udt6608xx,1.0181578000775866
p13udt6440lv,1.0146260044553963
p13udt6441,1.0181608111016829
p13udt6441-p13udt6442x,1.0181611252675518
p13udt6441-p13udt6442xx,1.0181619051380093
p13udt6441lv,1.0175107389718285
p13udt6442,1.018162218649944
p13udt6442-p13udt6443x,1.018162682103439
p13udt6442-p13udt6443xx,1.0181684150159274
p13udt6442lv,1.0130324788130172
p13udt6443,1.0181688752032934
p13udt6443lv,1.0157763629990462
p13udt6447,1.0182154671570103
p13udt6447-p13udt6448x,1.018215016897865
p13udt6447-p13udt6448xx,1.018209367332533
p13udt6447-p13udt6458x,1.0182144299700824
p13udt6447-p13udt6458xx,1.0181982384393433
p13udt6447-p13udt6465x,1.0182171704003846
p13udt6447-p13udt6465xx,1.0182412025689447
p13udt6447lv,1.0123606864829355
p13udt6448,1.018208913776191
p13udt6448lv,1.0176089387104987
p13udt6449,1.0182017803091652
p13udt6449-p13udt6450x,1.0159401982552239
p13udt6449-p13udt6450xx,1.015940197990685
p13udt6449-p13udt6450xxx,1.0159399519447494
p13udt6449-p13udt6468x,1.0182019777096756
p13udt6449-p13udt6468xx,1.018202912598839
p13udt6449lv,1.0140265475567565
p13udt6450,1.0159399516801482
p13udt6450lv,1.012878515948618
p13udt6453,1.0175979464863956
p13udt6453lv,1.016395857303285
p13udt6454,1.017625818060797
p13udt6454-p13udt8140x,1.0176273345925866
p13udt6454-p13udt8140xx,1.0176312536491927
p13udt6454lv,1.0061497226764853
p13udt6455,1.0176003870907884
p13udt6455lv,1.012225047041767
p13udt6456,1.018179271573714
p13udt6456-p13udt6457x,1.0181800894532598
p13udt6456-p13udt6457xx,1.0181877652279878
p13udt6456lv,1.0174563030940758
p13udt6457,1.0181885806353599
p13udt6457-p13udt6458x,1.0181895064929865
p13udt6457-p13udt6458xx,1.0181962732234302
p13udt6457lv,1.0125290942998635
p13udt6458,1.0181971971584562
p13udt6458lv,1.0161364108814488
p13udt6459,1.0182718323757907
p13udt6459-p13udt6460x,0.0
p13udt6459-p13udt6460xx,0.0
p13udt6459-p13udt6465x,1.018269754310569
p13udt6459-p13udt6465xx,1.0182449832923453
p13udt6459-p13udt8133x,1.0160267540493937
p13udt6459-p13udt8133xx,1.01602675318237
p13udt6459-p13udt8133xxx,1.015979389676727
p13udt6459-p13udt8134x,1.0182743387101858
p13udt6459-p13udt8134xx,1.018335862181903
p13udt6459lv,1.0176100696369763
p13udt6460,1.017781994848052
p13udt6460-p13udt6461x,1.0177794038298362
p13udt6460-p13udt6461xx,1.0177594270742538
p13udt6460-p13udt8143x,1.0177863432233714
p13udt6460-p13udt8143xx,1.0178839510273634
p13udt6460lv,0.9806063639383191
p13udt6461,1.0177568340633205
p13udt6461-p13udt6462x,1.0177543749805809
p13udt6461-p13udt6462xx,1.0177420426767008
p13udt6461lv,1.0162238542488051
p13udt6462,1.0177395822978739
p13udt6462-p13udt6463x,1.017737268501145
p13udt6462-p13udt6463xx,1.0177140506551055
p13udt6462lv,1.01470250260516
p13udt6463,1.017711734262166
p13udt6463-p13udt6464x,1.0177095390077422
p13udt6463-p13udt6464xx,1.0177040293617847
p13udt6463lv,1.010232193545899
p13udt6464,1.017701833458618
p13udt6464lv,1.0178345231252286
p13udt6465,1.018242902104383
p13udt6465lv,1.0095551759616594
p13udt6466,1.017666764303276
p13udt6466-p13udt6467x,1.0176650744970808
p13udt6466-p13udt6467xx,1.0176533494881284
p13udt6466lv,1.0154148055215244
p13udt6467,1.0176516578875754
p13udt6467-p13udt8140x,1.0176500932056143
p13udt6467-p13udt8140xx,1.0176343367989924
p13udt6467lv,1.0115959463361528
p13udt6468,1.018203108732194
p13udt6468lv,1.0157977774523839
p13udt6608,1.0181577169746994
p13udt6608-p13udt6613x,1.0175945075761241
p13udt6608lv,1.0147030785167253
p13udt6612,1.0175962546253403
p13udt6612lv,1.006929283600716
p13udt6613,1.0175945048715402
p13udt6613lv,1.0117265463721177
p13udt6614,1.0176064574678387
p13udt6614-p13udt6615x,1.017606785979858
p13udt6614-p13udt6615xx,1.0176107082726487
p13udt6614-p13udt6616x,1.0188026102986025
p13udt6614lv,1.01065778056116
p13udt6615,1.0176110336506372
p13udt6615lv,1.0131062827371113
p13udt6616,1.018793694360927
p13udt6616lv,1.015715806871559
p13udt6617,1.0179503611102918
p13udt6617-p13udt8139x,1.014663330012001
p13udt6617lv,1.0123103224541108
p13udt6618,1.0179755304129559
p13udt6618lv,1.011941473910537
p13udt7835,1.0138037921551786
p13udt7835lv,1.010766408713132
p13udt7836,1.0177366754598793
p13udt7836-p13udt7839x,1.0177344066741072
p13udt7836-p13udt7893x,1.0178448484226374
p13udt7836lv,1.008677718684015
p13udt7837,1.0138163442015886
p13udt7837lv,1.010391116531253
p13udt7838,1.0138168393870501
p13udt7838lv,1.0100134404268426
p13udt7839,1.0176478909682594
p13udt7839-p13udt7840x,1.0176457395782603
p13udt7839-p13udt7840xx,1.017631411688594
p13udt7839lv,1.0164136340275256
p13udt7840,1.0176292585652613
p13udt7840-p13udt7841x,1.0199032662314127
p13udt7840-p13udt7848x,1.0176273134209393
p13udt7840-p13udt7848xx,1.0176045815784336
p13udt7840lv,1.015985800881143
p13udt7841,1.0198801199164258
p13udt7841lv,1.017050358224629
p13udt7845,1.0139181961764627
p13udt7845-p13udt7857x,1.013918197945835
p13udt7845-p13udt7857xx,1.0140834500928417
p13udt7845lv,1.0100542624019022
p13udt7846,1.0138343578015803
p13udt7846lv,1.0111428157158988
p13udt7847,1.0138146973728204
p13udt7847lv,1.0109806342542358
p13udt7848,1.017602633394376
p13udt7848-p13udt7849x,1.017600756510082
p13udt7848-p13udt7849xx,1.0175871553270055
p13udt7848lv,1.0155603185614037
p13udt7849,1.0175852765587565
p13udt7849-p13udt7850x,1.0175834391016099
p13udt7849-p13udt7850xx,1.0175701298493314
p13udt7849lv,1.0155617717341183
p13udt7850,1.0175682905091923
p13udt7850-p13udt7855x,1.0175665402300609
p13udt7850-p13udt7855xx,1.0175357222188384
p13udt7850lv,1.0168587085712424
p13udt7853,1.0175237122852245
p13udt7853-p13udt7855x,1.0175242959984019
p13udt7853-p13udt7855xx,1.0175333876887895
p13udt7853lv,1.016514538577816
p13udt7854,1.0175165883667232
p13udt7854-p13udt7855x,1.0175176785916173
p13udt7854-p13udt7855xx,1.017532880802466
p13udt7854-p13udt7856x,1.017515623425541
p13udt7854-p13udt7856xx,1.0175086653602825
p13udt7854lv,1.0145376937941701
p13udt7855,1.0175339673655839
p13udt7855lv,1.0113351017386447
p13udt7856,1.0175076985314504
p13udt7856-p13udt7857x,1.0142820291146362
p13udt7856-p13udt7857xx,1.0142820265991792
p13udt7856-p13udt7857xxx,1.0140834543766788
p13udt7856lv,1.012021824459327
p13udt7857,1.0140834518561488
p13udt7857lv,1.010293436458064
p13udt7888,1.018002485768364
p13udt7888-p13udt7889x,1.0180003204642534
p13udt7888-p13udt7895x,1.018448751105815
p13udt7888lv,1.0152760685223103
p13udt7889,1.0179886403942964
p13udt7889-p13udt7893x,1.0179838084175155
p13udt7889-p13udt7893xx,1.0178521930372029
p13udt7889lv,1.0157247145636756
p13udt7890,1.0179879247071806
p13udt7890lv,1.0178931267000224
p13udt7891,1.0179824337096548
p13udt7891-p13udt7897x,1.0179824371859452
p13udt7891lv,1.0162484618847256
p13udt7892,1.0179823295865693
p13udt7892lv,1.0076663836543167
p13udt7893,1.0178473541257649
p13udt7893lv,1.0121993127295308
p13udt7894,1.0180271694945573
p13udt7894-p13udt7899x,1.0180270548717227
p13udt7894-p13udt7899xx,1.0180270247498848
p13udt7894lv,1.0153710694167668
p13udt7895,1.0184459117969253
p13udt7895lv,1.0154364376390626
p13udt7896,1.0179842390628757
p13udt7896lv,1.0075655707778626
p13udt7897,1.0179575681957613
p13udt7897lv,1.017415739122851
p13udt7898,1.0181615141148963
p13udt7898-p13udt7918x,1.0181656614713306
p13udt7898-p13udt7918xx,1.0181748856955732
p13udt7898lv,1.011038096061956
p13udt7899,1.0180269100578128
p13udt7899lv,1.0129617176254329
p13udt7918,1.018179032627926
p13udt7918-p13udt7919x,1.0181832192167517
p13udt7918-p13udt7919xx,1.0183545042620468
p13udt7918lv,1.0173090051812883
p13udt7919,1.0183586823016428
p13udt7919lv,1.0180732915828195
p13udt8009,1.0150616715693288
p13udt8009-p13udt8014x,1.0150616731353772
p13udt8009-p13udt8014xx,1.0151168693242767
p13udt8009lv,1.011472418153176
p13udt8013,1.0150157414691565
p13udt8013lv,1.0121590722029077
p13udt8014,1.0151168708880365
p13udt8014lv,1.011360023217411
p13udt8015,1.0188978652405183
p13udt8015-p13udt8019x,1.0187453168473108
p13udt8015-p13udt8019xx,1.0187453161519677
p13udt8015-p13udt8019xxx,1.018739015458293
p13udt8015lv,1.0142250119776726
p13udt8016,1.0189041992370174
p13udt8016lv,1.0133970362068085
p13udt8017,1.0161803153173345
p13udt8017lv,1.0130578412021247
p13udt8018,1.0161705918215953
p13udt8018lv,1.0138576465726494
p13udt8019,1.0187390147623545
p13udt8019lv,1.0157887580856717
p13udt8065,1.0174898793306888
p13udt8065lv,1.0143381245095888
p13udt8132,1.0159656883492292
p13udt8132-p13udt8133x,1.015965688844296
p13udt8132-p13udt8133xx,1.015979388312892
p13udt8132lv,1.0129758348424835
p13udt8133,1.015979388806146
p13udt8133lv,1.0118933410471356
p13udt8134,1.0183383620873556
p13udt8134-p13udt8135x,1.0183410889101574
p13udt8134-p13udt8135xx,1.0183757830296978
p13udt8134lv,1.014811270593078
p13udt8135,1.0183785065226056
p13udt8135-p13udt8136x,1.018381455134515
p13udt8135-p13udt8136xx,1.0184269244225017
p13udt8135lv,1.0167516854479017
p13udt8136,1.0184298690036437
p13udt8136-p13udt8137x,1.0184329139186756
p13udt8136-p13udt8137xx,1.0184561444100717
p13udt8136lv,1.015347099635704
p13udt8137,1.0184591873323852
p13udt8137lv,1.0122741230657113
p13udt8139,1.014663100048103
p13udt8139lv,1.0113692583657998
p13udt8140,1.017632769512435
p13udt8140lv,1.018012087059724
p13udt8141,1.0188373487242546
p13udt8141-p13udt8145x,1.018857509040118
p13udt8141lv,1.0163664506085386
p13udt8142,1.0179079166630312
p13udt8142-p13udt8143x,1.017903500711393
p13udt8142-p13udt8143xx,1.0178927100876363
p13udt8142lv,1.0175854282279797
p13udt8143,1.017888293495585
p13udt8143lv,1.0161698444619658
p13udt8144,1.017984144292874
p13udt8144lv,1.0167138648047023
p13udt8145,1.0179744004947666
p13udt8145lv,1.0111300391454445
p13udt8146,1.0179645158144333
p13udt8146lv,1.0170359750415054
p13udt8147,1.0179673417838864
p13udt8147lv,1.0108265949935045
p13udt8148,1.0179599420291476
p13udt8148lv,1.0162500280815192
p13udt8149,1.0180863512066736
p13udt8149lv,1.0115925099388563
p13udt8150,1.01818775082707
p13udt8150lv,1.0153389757157498
p13udt8151,1.018153418082803
p13udt8151lv,1.017814767824964
p13ulv100017,1.011634656095025
p13ulv100019,1.0083955242561817
p13ulv100085,1.009926566397625
p13ulv100089,1.012992325597032
p13ulv100106,1.0126637327576458
p13ulv100118,1.0119855887688876
p13ulv100166,1.0132130460251072
p13ulv100383,1.012519781321337
p13ulv100385,1.016067964111579
p13ulv100393,1.0191065172874103
p13ulv100407,1.0182504739035412
p13ulv100411,1.018778289843167
p13ulv100414,1.016581388921216
p13ulv100416,1.019859383963555
p13ulv100421,1.0169681545201037
p13ulv100432,1.0186769397760291
p13ulv100433,1.0201516364305656
p13ulv100434,1.0190974541183
p13ulv100435,1.0184869795821383
p13ulv100436,1.0193628575694216
p13ulv100437,1.0201076083153897
p13ulv100441,1.0172033847222228
p13ulv100442,1.0183796462593597
p13ulv100444,1.0192826028057076
p13ulv100445,1.0201077994043355
p13ulv100447,1.0185278504749067
p13ulv100449,1.0147811461324312
p13ulv100451,1.0195775340604079
p13ulv100454,1.013889190227948
p13ulv100455,1.016622190276062
p13ulv100458,1.0141279115254065
p13ulv100460,1.0182132917578066
p13ulv100462,1.0163312616332698
p13ulv100463,1.017106321456827
p13ulv100464,1.0201066344804166
p13ulv100465,1.0129263584224908
p13ulv100466,1.0200492651602096
p13ulv100468,1.019460395081217
p13ulv100470,1.0153831134613134
p13ulv100472,1.0179193126994726
p13ulv100473,1.0201076666059876
p13ulv100474,1.0157742924004343
p13ulv100475,1.0142913327026761
p13ulv100476,1.0139025447882397
p13ulv100477,1.0158207191879494
p13ulv100478,1.013862224903996
p13ulv100479,1.0197770812809241
p13ulv100481,1.017848210668307
p13ulv100482,1.015060328368326
p13ulv100484,1.0147949588764897
p13ulv100487,1.019667555847756
p13ulv100488,1.0153384612045047
p13ulv100489,1.0141218555763145
p13ulv100490,1.0169544595776925
p13ulv100491,1.0146285442537657
p13ulv100492,1.0192751593462228
p13ulv100493,1.0156993609001566
p13ulv100495,1.0150433995893997
p13ulv100496,1.0152427972275357
p13ulv100497,1.012847456726563
p13ulv100499,1.0184589360309653
p13ulv10050,1.0204171188922897
p13ulv100500,1.013924667458094
p13ulv100502,1.009628941218895
p13ulv100503,1.017051434653876
p13ulv100505,1.0153250834315828
p13ulv100506,1.0160443114655453
p13ulv100507,1.0199536710865313
p13ulv100508,1.014982714887645
p13ulv10051,1.0184908540635391
p13ulv100510,1.0140705037492017
p13ulv100511,1.0172567346403731
p13ulv100512,1.0161015848747932
p13ulv100513,1.0151441913894599
p13ulv100514,1.0061905843564938
p13ulv100515,1.0153752173100923
p13ulv100516,1.0153613832173907
p13ulv100517,1.0166236487691662
p13ulv100518,1.0179076698559046
p13ulv100519,1.017715600843212
p13ulv100520,1.0145691932523793
p13ulv100521,1.012242336335356
p13ulv100523,1.014768356457889
p13ulv100524,1.0175216823354565
p13ulv100525,1.0206083045214225
p13ulv100526,1.0205753993728877
p13ulv100527,1.016773970756324
p13ulv100528,1.016391259638759
p13ulv100529,1.014459226187205
p13ulv100530,1.014995539731002
p13ulv100531,1.0128196710781832
p13ulv100532,1.0188218324875997
p13ulv100533,1.0151445670925436
p13ulv100534,1.0161191303543449
p13ulv100536,1.0191810102400023
p13ulv100537,1.0181256565966763
p13ulv100538,1.0141640991453555
p13ulv100539,1.018837003773649
p13ulv100540,1.0144321384905637
p13ulv100542,1.015964167087127
p13ulv100543,1.0145060653578242
p13ulv100544,1.0189747134700737
p13ulv100545,1.0520141323037246
p13ulv100546,1.0145686118124875
p13ulv100547,1.020497858495145
p13ulv100548,1.0154406627250316
p13ulv100549,1.0182824183236037
p13ulv10055,1.021125797014295
p13ulv100550,1.0198895792409464
p13ulv100551,1.0184197465268163
p13ulv100552,1.0155214172923834
p13ulv100553,1.0107201444947815
p13ulv100554,1.0150695380568435
p13ulv100555,1.0202460568979752
p13ulv100556,1.0186818279949263
p13ulv100557,1.0139029429031425
p13ulv100558,1.0104101259463492
p13ulv100559,1.0204570778277335
p13ulv100560,1.0102587220024835
p13ulv100562,1.015696509370466
p13ulv100563,1.0132044233706103
p13ulv100564,1.0162699310554166
p13ulv100565,1.0183595302605133
p13ulv100566,1.0145934526662477
p13ulv100567,1.0199689855997174
p13ulv100568,1.0151158555440416
p13ulv100569,1.0165036615601215
p13ulv100570,1.015566815505735
p13ulv100571,1.0128190995676791
p13ulv100572,1.0189833317578094
p13ulv100573,1.0135602019805863
p13ulv100574,1.0140556763215667
p13ulv100575,1.0113157800463082
p13ulv100576,1.0153069785697113
p13ulv100577,1.0189519722137426
p13ulv100578,1.0155151268068727
p13ulv100579,1.015522947571294
p13ulv100580,1.0182039841988604
p13ulv100581,1.0187166492456046
p13ulv100582,1.0117614525371517
p13ulv100583,1.0150916439641005
p13ulv100584,1.0116353108650014
p13ulv100585,1.014206882323876
p13ulv100586,1.0198705704117628
p13ulv100587,1.0173230588520723
p13ulv100588,1.0111307720856948
p13ulv100589,1.0146642044669032
p13ulv100590,0.9820237091095652
p13ulv14320,1.013404466685413
p13ulv14321,1.0162781126324332
p13ulv14322,1.0100524968325924
p13ulv14323,1.0134700072303913
p13ulv14329,1.0145550565226493
p13ulv14330,1.013921384371122
p13ulv14331,1.012970966322199
p13ulv14338,1.0015799602871376
p13ulv14342,1.0170826722665471
p13ulv14343,1.0163002819221614
p13ulv14346,1.0136190846771873
p13ulv14347,1.0072898406820596
p13ulv14354,1.0137066714821494
p13ulv14355,1.0151778876604374
p13ulv14356,1.0058735237517389
p13ulv14357,1.0118699513704192
p13ulv14358,1.0160277348183582
p13ulv14360,1.015240245366408
p13ulv14361,1.01675453359323
p13ulv14362,1.016595558113659
p13ulv14363,1.0152763906624922
p13ulv14365,1.011159788840542
p13ulv14367,1.0148613718467603
p13ulv14368,1.0158293446419888
p13ulv14369,1.014219286058601
p13ulv14370,1.0141236237417592
p13ulv14371,1.0043468819796635
p13ulv14372,1.0089581908976042
p13ulv14373,1.017262040889479
p13ulv14374,1.016743887552122
p13ulv14375,1.0161566541753677
p13ulv14376,0.9798419676171559
p13ulv14377,0.979720774507969
p13ulv14378,1.0126183797099992
p13ulv14379,1.0143185967513741
p13ulv14380,1.0101131452856926
p13ulv14381,1.0146928698258586
p13ulv14382,1.0136897130082443
p13ulv14383,1.0133628520950522
p13ulv14384,1.0088920168460125
p13ulv14385,1.0088650855095622
p13ulv14386,1.0174701932049923
p13ulv14387,1.0081352646676605
p13ulv14388,1.0132913186448038
p13ulv14389,1.0106439952104163
p13ulv14391,1.0087497343830556
p13ulv14392,1.008705532855132
p13ulv14393,1.0104617045222193
p13ulv14395,1.0159283569922248
p13ulv14396,1.0166571364108217
p13ulv14397,1.0172134258073127
p13ulv14398,1.0153818936665284
p13ulv14399,1.01638189023156
p13ulv14645,1.0146148022947223
p13ulv14652,1.0066625365937176
p13ulv14653,1.0115562662216446
p13ulv14654,1.0102967960274987
p13ulv14655,1.0104855374249444
p13ulv14656,1.0129632323766582
p13ulv14657,1.0148723510703985
p13ulv14658,1.0120670084796755
p13ulv14659,1.0118326154129331
p13ulv17012,1.0105552621891376
p13ulv17013,1.0084105011858118
p13ulv17015,1.0101338487884581
p13ulv17016,1.0092657913074068
p13ulv17018,1.0100434068543382
p13ulv17019,1.0132912386282467
p13ulv17020,1.0155098768541504
p13ulv17021,1.0156488095120866
p13ulv17022,1.0159249189693087
p13ulv17023,1.0147742401084945
p13ulv17024,1.0154296201443633
p13ulv17034,1.0093628540912374
p13ulv17035,1.0086509170055233
p13ulv17036,1.0092073634205512
p13ulv17037,1.0091795786792122
p13ulv17038,1.0097202616289322
p13ulv17039,1.008585664299608
p13ulv17040,1.0072512492285393
p13ulv17041,1.010712903422146
p13ulv17042,1.009910111056981
p13ulv17043,1.015253581995446
p13ulv17044,1.0153640687624277
p13ulv17045,1.0134514263210812
p13ulv17046,1.0175270578809803
p13ulv17047,1.0138988061346086
p13ulv17048,1.0129260777147553
p13ulv17049,1.0160362769146165
p13ulv17050,1.0163269256129919
p13ulv17051,1.0160840373267332
p13ulv17054,1.0141055523474363
p13ulv17055,1.0157679428939326
p13ulv17056,1.0150220739117146
p13ulv17057,1.0106997993277094
p13ulv17058,1.0113584977529213
p13ulv17059,1.011847497434893
p13ulv17060,1.0124940248560201
p13ulv17061,1.0133930259745947
p13ulv17062,1.011873556153019
p13ulv17063,1.0078200370519381
p13ulv17064,1.0100802110060432
p13ulv17067,1.007794609343044
p13ulv17068,1.0057629037102782
p13ulv17111,1.0152119039655612
p13ulv17113,1.0156687085233613
p13ulv17115,1.0152265985110256
p13ulv17116,1.0117989085496437
p13ulv17117,1.015121691490271
p13ulv17118,1.0072819277506537
p13ulv17119,1.0113504529480146
p13ulv17120,1.010391882889439
p13ulv17121,1.014714972630352
p13ulv17122,1.0148512462734884
p13ulv17123,1.0120822767344024
p13ulv17124,1.0143939061825393
p13ulv17125,1.0173036527132444
p13ulv17126,1.007261551308977
p13ulv17127,1.0175700394020415
p13ulv17128,1.0086705647953271
p13ulv17129,1.0128197019188756
p13ulv17165,1.0170993256630154
p13ulv17167,1.0157128114245915
p13ulv17344,1.0099524082612032
p13ulv17351,1.011237047535403
p13ulv17353,1.0089148870174978
p13ulv17354,1.0082910105736103
p13ulv17355,1.010063088349106
p13ulv17356,1.0101853358341786
p13ulv17358,1.0119824775482364
p13ulv17359,1.0109438705436058
p13ulv17360,1.010069417120191
p13ulv17361,1.014091839094742
p13ulv17362,1.0123629349557128
p13ulv17364,1.0120369390781008
p13ulv17365,1.01206178340383
p13ulv17366,1.0120142325333688
p13ulv17367,1.0141882654442376
p13ulv17400,1.0129654469873057
p13ulv17467,1.0102578605036585
p13ulv17468,1.0084387906669476
p13ulv17606,1.010748491938399
p13ulv17607,1.0113848679850217
p13ulv17608,1.0127155296895638
p13ulv17609,1.0122403207621669
p13ulv17610,1.0113399930494609
p13ulv17611,1.0108536634124383
p13ulv17612,1.0106426947737588
p13ulv17613,1.0156062204647252
p13ulv17614,1.0106691783054522
p13ulv17615,1.0114878723967478
p13ulv17616,1.0147353067210958
p13ulv17617,1.0137162804211495
p13ulv17618,1.0130949977471975
p13ulv17619,1.0127692780018336
p13ulv17620,1.0152056760811152
p13ulv17621,1.0158937203744052
p13ulv17622,1.0143541159189375
p13ulv17623,1.0146932685952026
p13ulv17624,1.0110217353763893
p13ulv17625,1.0110739070611432
p13ulv17626,1.0124795069392012
p13ulv17627,1.0108381019677455
p13ulv17636,1.0102852572689525
p13ulv17637,1.0097409998903997
p13ulv17638,1.017559174022841
p13ulv17639,1.0139900260130559
p13ulv17640,1.0140620291140867
p13ulv17641,1.0160048520312421
p13ulv17642,1.0174850592402238
p13ulv17643,1.0157359197023812
p13ulv17645,1.0142213822364008
p13ulv17646,1.015239120359539
p13ulv17647,1.015854935314388
p13ulv17648,0.9791904496612664
p13ulv17649,1.0149054593943718
p13ulv17650,1.0147837972380047
p13ulv17651,1.014146776378786
p13ulv17653,1.0155918579323646
p13ulv17654,1.011017686009382
p13ulv17655,1.0103284367051657
p13ulv17656,1.0152742492466866
p13ulv17657,1.0156740372118431
p13ulv17658,1.01537273519711
p13ulv17659,1.016692119515009
p13ulv17660,1.0100400501649918
p13ulv17661,1.0150785793362798
p13ulv17662,1.016857088676351
p13ulv17663,1.0173313935835195
p13ulv17664,1.0131867822663776
p13ulv17665,1.0099825089838244
p13ulv17666,1.012830174256607
p13ulv17667,1.0080300321426612
p13ulv17668,1.008101893461301
p13ulv17669,1.0137709692286583
p13ulv17670,1.0151184682308858
p13ulv17671,1.0152203072385948
p13ulv17672,1.0167477471512338
p13ulv17674,1.0067574788961107
p13ulv17676,1.0165444705247895
p13ulv17677,1.0160018487565647
p13ulv17678,1.0074201446916282
p13ulv17680,1.0158384577953725
p13ulv27418,1.013022954969406
p13ulv27419,1.0115436967200866
p13ulv27420,1.0153141239038
p13ulv27422,1.0152283353692833
p13ulv27427,1.0136860200452897
p13ulv27431,1.0132145259311902
p13ulv27432,1.0137265231119814
p13ulv27434,1.0167564002826688
p13ulv27447,1.0182117192778644
p13ulv27448,1.0119419726396603
p13ulv27449,1.0124387766943617
p13ulv27450,1.0153345524537158
p13ulv27451,1.0122966507929707
p13ulv27452,1.0114720752828976
p13ulv27453,1.011606794215489
p13ulv27454,1.0163817625686171
p13ulv27455,1.014976332360778
p13ulv27456,1.0151424203163035
p13ulv27457,1.0163357796814794
p13ulv27458,1.0162322866692128
p13ulv27460,1.0146451654409065
p13ulv27461,1.016505474946766
p13ulv27462,1.017728043383447
p13ulv27463,1.0133072182088592
p13ulv27464,1.0128387686409712
p13ulv27465,1.0134341023979285
p13ulv27466,1.0140575242472347
p13ulv27467,1.0136164618326617
p13ulv27468,1.0118031032408712
p13ulv27469,1.0148466476517775
p13ulv27470,1.0122840142218208
p13ulv27471,1.01342115932859
p13ulv27472,1.0148627325760349
p13ulv27473,1.0131110038650044
p13ulv27474,1.0145895521708104
p13ulv27475,1.014273085442024
p13ulv27476,1.013479623415179
p13ulv27478,1.0139912085232778
p13ulv27479,1.0126145509944768
p13ulv27480,1.0146850464304737
p13ulv27481,1.0151062073466464
p13ulv27482,1.0143248125250095
p13ulv27484,1.0171265244304848
p13ulv27485,1.0138293693327118
p13ulv27486,1.0147664784398533
p13ulv27487,1.0169608960472587
p13ulv27488,1.0153408586355617
p13ulv27490,1.0140221917857977
p13ulv27492,1.016731519690754
p13ulv27493,1.0170349567537689
p13ulv27494,1.0117055271567752
p13ulv27495,1.0110692755020696
p13ulv27496,1.0131303455835985
p13ulv27497,1.011418098634108
p13ulv27498,1.0115761952439777
p13ulv27500,1.0164623377339126
p13ulv27501,1.0160530915807968
p13ulv27502,1.0135704205061757
p13ulv27503,1.0135168887769
p13ulv27504,1.012917623475877
p13ulv27505,1.013071217124362
p13ulv27506,1.013997926094441
p13ulv27522,1.019020668594653
p13ulv27523,1.018763134790349
p13ulv27524,1.019545859425576
p13ulv27526,1.0195394346656308
p13ulv27527,1.0183751630853486
p13ulv27528,1.0184944245788272
p13ulv27529,1.0188869758311563
p13ulv27530,1.0191851855726801
p13ulv27531,1.017244054048288
p13ulv27541,0.9997267679610544
p13ulv27543,1.0120302150917488
p13ulv27544,1.0207115613890916
p13ulv27545,1.0178562611196895
p13ulv27546,1.0163804677099848
p13ulv27547,1.0152613263691532
p13ulv27548,1.0172654395526202
p13ulv27549,1.016222153912432
p13ulv27550,1.0173724727227211
p13ulv27551,1.0129658009705473
p13ulv27552,1.01201925939022
p13ulv27553,1.0114868559853036
p13ulv27554,1.0153752492878985
p13ulv27555,1.017723931108907
p13ulv27556,1.0208719872474603
p13ulv27557,1.019196942085371
p13ulv27558,1.018645626906506
p13ulv27559,1.0192395011294155
p13ulv27560,1.0197987283115548
p13ulv27561,1.0190572680950627
p13ulv27562,1.0202184624065616
p13ulv27563,1.0209257857269245
p13ulv27564,1.020574566073587
p13ulv27565,1.0190722234013443
p13ulv27566,1.014231858578817
p13ulv27567,1.0014964131393382
p13ulv27568,1.0059410475767137
p13ulv27569,1.0179119023803465
p13ulv27570,1.0196016549703473
p13ulv27571,1.0198276560678177
p13ulv27572,1.019210895284676
p13ulv27573,1.0160123754494432
p13ulv27588,1.0150321736423098
p13ulv27589,1.0154398688263484
p13ulv27590,1.0166753397209993
p13ulv27591,1.0146738343730362
p13ulv27593,1.0134622810628604
p13ulv27594,1.0128415950816325
p13ulv27596,1.0141955361428634
p13ulv27597,1.0142238400544406
p13ulv27598,1.015677000043376
p13ulv27599,1.0136357610354225
p13ulv27600,1.0154146345288453
p13ulv27601,1.0117574528483657
p13ulv29031,1.0104181923824789
p13ulv29032,1.0094910618712007
p13ulv29033,1.010540383445103
p13ulv29108,1.0138562085423335
p13ulv29110,1.009472991392196
p13ulv29111,1.017852587442456
p13ulv29112,1.0160512806294728
p13ulv29114,1.0170528365954459
p13ulv29117,1.0145956201586603
p13ulv29118,1.0135213518456168
p13ulv29119,1.0144220974244962
p13ulv29121,1.017003861746395
p13ulv29122,1.017342386834661
p13ulv29123,1.0166166234824319
p13ulv29124,1.0158087262040119
p13ulv29125,1.0146868420458115
p13ulv29126,1.0129236541369349
p13ulv29127,1.015467702385913
p13ulv29128,1.0179305046120914
p13ulv29129,1.0179180761476379
p13ulv29130,1.0119964613555519
p13ulv29131,1.0160926489358015
p13ulv29132,1.015854347246505
p13ulv29133,1.0161906599983412
p13ulv29134,1.0152909883212988
p13ulv29137,1.0136804007914018
p13ulv29138,1.0144080007977108
p13ulv29139,1.0164649765284812
p13ulv29140,1.0157267451378509
p13ulv29141,1.0156568638511096
p13ulv29142,1.010328612177872
p13ulv29143,1.0106073535489766
p13ulv29144,1.011715827247971
p13ulv29145,1.0111895791459438
p13ulv29146,1.0132822221254485
p13ulv29147,1.0132662526577134
p13ulv29152,1.0155868936532235
p13ulv29153,1.0159588428244415
p13ulv29154,1.0150100869425205
p13ulv29155,1.0067808728708412
p13ulv29156,1.012832026480834
p13ulv29181,1.0150069369694545
p13ulv29182,1.017121926956174
p13ulv29187,1.0145283078817111
p13ulv29188,1.0177102779322795
p13ulv29189,1.0074438881092256
p13ulv29190,1.0159583141269897
p13ulv29191,1.0151149635127599
p13ulv29192,1.0120555997156653
p13ulv29193,1.0131453370914585
p13ulv29194,1.0153543682866926
p13ulv29195,1.0159523577223861
p13ulv29196,1.0131904018861009
p13ulv29197,1.018227038772627
p13ulv29198,1.017929897599502
p13ulv29199,1.0172887708988017
p13ulv29200,1.0165218514934176
p13ulv29202,1.0096008412266677
p13ulv29203,1.0165673452955224
p13ulv29204,1.0112050973642628
p13ulv29205,1.0104949429077636
p13ulv29206,1.0091881042294055
p13ulv29207,1.0110825254610045
p13ulv29208,1.0189292746164589
p13ulv29210,1.0167292571281465
p13ulv29211,1.0169458633028798
p13ulv29212,1.012184060513635
p13ulv29213,1.0118388876338638
p13ulv29214,1.0119452812524083
p13ulv29215,1.0118519836824478
p13ulv29216,1.0153513632802116
p13ulv29217,1.0153907182434885
p13ulv29218,1.01183746935078
p13ulv29219,1.010525282484659
p13ulv29220,1.003267995198736
p13ulv29221,1.0102573442077454
p13ulv29222,1.0173909595104422
p13ulv29223,1.016845119052745
p13ulv29224,1.0173446113240454
p13ulv29225,1.0170823902959059
p13ulv29226,1.0163610795811864
p13ulv29227,1.0168355962268432
p13ulv29228,1.0143191995139254
p13ulv29229,1.016470393356875
p13ulv29230,1.0159222895167734
p13ulv29231,1.0171119932736352
p13ulv29232,1.0162660263163175
p13ulv29233,1.0162711431375873
p13ulv29234,1.0150787674430282
p13ulv29235,1.0070574816111741
p13ulv29236,1.0148886415634788
p13ulv29237,1.0169123215353006
p13ulv29238,1.013652071738409
p13ulv29239,1.0129359717226465
p13ulv29240,1.014645607519724
p13ulv29241,1.0162941787140611
p13ulv29243,1.0178412772950143
p13ulv29244,1.0176220518354242
p13ulv29245,1.0182141030996865
p13ulv29246,1.0180958804769813
p13ulv29247,1.0173705882676076
p13ulv29248,1.0123938373242103
p13ulv29249,1.0158968089065645
p13ulv29250,1.014021813178333
p13ulv29251,1.0143515257126983
p13ulv29252,1.0102882407963187
p13ulv29253,1.0110857942046174
p13ulv29254,1.013347969618608
p13ulv29255,1.0179115787593316
p13ulv29256,1.0161626468542035
p13ulv29257,1.010880242853354
p13ulv29258,1.0116871946682986
p13ulv29260,1.0148887410824963
p13ulv29262,1.0164988508105635
p13ulv29263,1.0151488311823416
p13ulv29264,1.0151821257317852
p13ulv29311,1.0130316468296319
p13ulv88504,1.018924461873337
p13ulv88505,1.0205159942255877
p13ulv88513,1.0178229507983536
p13ulv88514,1.0111935886289654
p13ulv88516,1.0136045558347144
p13ulv88517,1.0121811190441632
p13ulv88518,1.0124395169242864
p13ulv88519,1.0099270056966043
p13ulv88595,1.0129254661402647
p13ulv88614,1.015358564214439
p13ulv90331,1.0110058003987628
p13ulv90332,1.0154986659732073
p13ulv90334,1.0093921863529873
p13ulv90335,1.014861807973083
p13ulv90339,1.0153889648829442
p13ulv90341,1.0084874375640802
p13ulv90342,1.0112992355995138
p13ulv90344,1.015608997527694
p13ulv90347,1.0129616361420135
p13ulv90348,1.010260357449892
p13ulv90349,1.0118464398460822
p13ulv90352,1.0096840503596725
p13ulv90356,1.0159907798419918
p13ulv90358,1.0086142802465692
p13ulv90360,1.0157206865609734
p13ulv90365,1.0154818646721866
p13ulv90369,1.015462678149735
p13ulv90373,1.0142108184747451
p13ulv90377,1.0148454216684395
p13ulv90379,1.0088907178547568
p13ulv90383,1.0152542246531646
p13ulv90392,1.015607766098388
p13ulv90397,1.0146027236945856
p13ulv90401,1.0150212840526045
p13ulv90407,1.0108828039601307
p13ulv90412,1.0103713379180357
p13ulv90421,1.0095938086478213
p13ulv90423,1.010983464083127
p13ulv90428,1.0157793875785006
p13ulv90429,1.0134410349261753
p13ulv90436,1.008560579931245
p13ulv90441,1.0163062078897962
p13ulv90445,1.0105006942851549
p13ulv90453,1.0162534585336704
p13ulv90454,1.0103015668598079
p13ulv90455,1.0165055579081916
p13ulv90456,1.0143686148587328
p13ulv90467,1.014793836247359
p13ulv90471,1.0099589133454772
p13ulv90473,1.0106858079509067
p13ulv90476,1.0147139901107787
p13ulv90481,1.0110321221588539
p13ulv90497,1.0121789683479672
p13ulv90498,1.0111399488176602
p13ulv90503,1.0104227499256226
p13ulv90517,1.015027243565325
p13ulv90524,1.0180829967977552
p13ulv90531,1.0114906453589483
p13ulv91419,1.0198944415835696
p13ulv91427,1.0211327795935834
p13ulv91433,1.0198049083359484
p13ulv91438,1.0220809391606247
p13ulv91440,1.023332212032457
p13ulv91444,1.0197565047742978
p13ulv91449,1.020912869322009
p13ulv91474,1.021178901557088
p13ulv91477,1.0201263012567612
p13ulv91479,1.020307342087859
p13ulv91482,1.018741574657747
p13ulv91489,1.0207196067353221
p13ulv91496,1.0181310011755542
p13ulv91498,1.0214012640074406
p13ulv91500,1.020671535767303
p13ulv91505,1.019459667268666
p13ulv92053,1.0101317017350566
p13ulv92059,1.0159169641372854
p13ulv92082,1.0068959491091034
p13ulv92087,1.0072856796539515
p13ulv92088,1.014270106590824
p13ulv92089,1.0137202311683295
p13ulv92094,1.0135122344149141
p13ulv92096,1.016529455599556
p13ulv92097,1.0147997609931447
p13ulv92099,1.0081898530735256
p13ulv92102,1.0167477023080773
p13ulv92103,1.0140465987111593
p13ulv92105,1.0112920687695903
p13ulv92113,1.0146480250873229
p13ulv92115,1.010324286399067
p13ulv92119,1.0128936090416065
p13ulv92130,1.0154986912927173
p13ulv92131,1.013305633446819
p13ulv92133,1.0146450540622303
p13ulv92134,1.0162050876660413
p13ulv92136,1.0141972704829925
p13ulv92140,1.015154738413945
p13ulv92144,1.0089606028213
p13ulv92148,1.0126075871294131
p13ulv92149,1.0106059293355805
p13ulv92159,1.0115167111712984
p13ulv92165,1.015639807236385
p13ulv92167,1.0118493959152575
p13ulv92171,1.011264495712346
p13ulv92172,1.0166020842740768
p13ulv92179,1.0111307571628156
p13ulv92182,1.0142661021000707
p13ulv92185,1.0123730146804726
p13ulv92186,1.0117525211260685
p13ulv92188,1.0145868162881393
p13ulv92190,1.0171374406286622
p13ulv92191,1.01212959171246
p13ulv92193,1.0121783830818938
p13ulv92194,1.0165442515376348
p13ulv92198,1.0164127490006991
p13ulv92199,1.01604579825855
p13ulv92204,1.016639536506895
p13ulv92205,1.013572317659655
p13ulv92207,1.0105691727152304
p13ulv92210,1.0165278961116755
p13ulv92211,1.0166476145443388
p13ulv92212,1.0172462784149765
p13ulv92214,1.0145000012432794
p13ulv92217,1.0168171132884483
p13ulv92222,0.9791488213112347
p13ulv92234,1.0146449250755172
p13ulv92235,1.01591031686851
p13ulv92237,1.0097377801445693
p13ulv92240,0.9794218371531849
p13ulv92243,1.0166884476753708
p13ulv92246,0.9488723353677916
p13ulv92247,1.0159256438429425
p13ulv92248,1.0165091802689874
p13ulv92250,1.0090010869484365
p13ulv92254,1.0144132733658697
p13ulv92255,1.0154654423697176
p13ulv92258,0.9798342008583923
p13ulv92259,1.0151242975263095
p13ulv93278,1.0192443564676776
p13ulv93312,1.0187351167238785
p13ulv93314,1.0214721897159125
p13ulv93319,1.0190396272118796
p13ulv93325,1.0182895800013023
p13ulv93329,1.0230381725155677
p13ulv93330,1.0185834559711848
p13ulv93763,1.0158148673798308
p13ulv93765,1.0106862850752587
p13ulv93766,1.0176745559462193
p13ulv93767,1.0174520617127096
p13ulv93770,1.0130901251765216
p13ulv93771,1.0123988154141084
p13ulv93772,1.0100467529630965
p13ulv93773,1.012455056996723
p13ulv93774,1.0148911695047937
p13ulv93781,1.0064404655568269
p13ulv93782,1.0147776709009393
p13ulv93793,1.0084576357463264
p13ulv93808,1.015837498387825
p13ulv93824,1.0162369526828818
p13ulv93830,1.0104159757237
p13ulv93841,1.0144675795203293
p13ulv93849,1.0165843836772983
p13ulv93853,1.0163494195947624
p13ulv93855,1.0162783231725419
p13ulv93908,1.0102225864525276
p13ulv93909,1.0125137583977417
p13ulv93911,1.0100268608379954
p13ulv93912,1.0073560277460984
p13ulv93916,1.0095502254849706
p13ulv93919,1.0095774074262092
p13ulv93928,1.006367222153456
p13ulv93930,1.0093005792071348
p13ulv93933,1.0091105362463026
p13ulv93936,1.009170050641953
p13ulv93941,1.0152696476930692
p13ulv93942,1.0138716965510595
p13ulv93945,1.016697750069044
p13ulv93947,1.0085615560123649
p13ulv93949,1.0143633048013498
p13ulv93960,1.0132778730924066
p13ulv93961,1.0159485924586389
p13ulv93966,1.0153587569720997
p13ulv93969,1.0074201068012614
p13ulv93971,1.001297651467378
p13ulv93974,1.004181262801008
p13ulv95245,1.008310077388086
p13ulv95247,1.0136732687058827
p13ulv95253,1.0127373942829299
p13ulv95256,1.011618612512554
p13ulv95259,1.0104961842779048
p13ulv95261,1.0007180943942586
p13ulv95262,1.0172080011643465
p13ulv95263,1.0129623493692106
p13ulv95267,1.0134971699052882
p13ulv95269,1.0147367481966998
p13ulv95271,1.0180223186133337
p13ulv95273,1.0124804558241056
p13ulv95274,1.017923762281598
p13ulv95281,1.0112110415421935
p13ulv95282,1.0142038484523699
p13ulv95285,1.007649453589277
p13ulv95286,1.013673392294073
p13ulv95288,1.013057151390201
p13ulv95290,1.0113058964069137
p13ulv95291,1.016308415856893
p13ulv95292,1.0145744883719905
p13ulv95293,1.013245591846623
p13ulv95299,1.0109992639304095
p13ulv95300,1.014229670549368
p13ulv95302,1.0137942260005746
p13ulv95306,1.0115964044580112
p13ulv95308,1.0178818059678079
p13ulv95309,1.0177855084281575
p13ulv95313,1.0097913157086893
p13ulv95317,1.0056589195049233
p13ulv95319,1.0176323059759689
p13ulv95322,1.0101271617169956
p13ulv95323,1.0191390321909801
p13ulv95327,1.0136208902416928
p13ulv95328,1.0152482065178985
p13ulv95331,1.01814338518238
p13ulv95335,1.0168559239862478
p13ulv95336,1.0138749518102683
p13ulv95337,1.0036725862536033
p13ulv95341,1.014070822980016
p13ulv95342,1.0172636549499867
p13ulv95345,1.0180412501394116
p13ulv95350,1.0136004170060846
p13ulv95351,1.0129298085534177
p13ulv95353,1.0113473469852436
p13ulv95362,1.0151574660266056
p13ulv95364,1.0127228119247818
p13ulv95365,1.0137947834027206
p13ulv95374,1.0126663147190134
p13ulv95378,1.0171815095376835
p13ulv95381,1.0132128129095506
p13ulv95382,1.0131077011503922
p13ulv95384,1.013474805516458
p13ulv95389,1.0120792910618406
p13ulv95392,1.0115312448233067
p13ulv95394,1.0128226209017663
p13ulv95395,1.016365391841974
p13ulv95397,1.0160013834902704
p13ulv95398,1.011440573594867
p13ulv95401,1.012392437664474
p13ulv95404,1.0111488353998213
p13ulv95406,1.0087569252987407
p13ulv95408,1.0149461233942652
p13ulv95411,1.015328379602438
p13ulv95412,1.0100348811467863
p13ulv95413,1.0146301090427268
p13ulv95415,1.0171183228761318
p13ulv95418,1.0132880191940115
p13ulv95422,1.014215995069987
p13ulv95425,1.0163650354950202
p13ulv95428,1.0118855045242343
p13ulv95430,1.0119956108460464
p13ulv95433,1.0094137155240928
p13ulv95434,1.016751462951441
p13ulv95437,1.0118257643445165
p13ulv95441,1.0097156348174368
p13ulv95444,1.0114743635541128
p13ulv95447,1.0144355734404296
p13ulv96536,1.00786849486768
p13ulv96552,1.011741633522215
p13ulv96571,1.0114089622873061
p13ulv96586,1.0083459146355032
p13ulv96591,1.0117786733008063
p13ulv96598,1.008403934766712
p13ulv96609,1.0114677588878305
p13ulv96620,1.009697240759761
p13ulv96623,1.0114450345722117
p13ulv96632,1.0093348550120118
p13ulv96641,1.0095819828802495
p13ulv96654,1.010574889114695
p13ulv96963,1.0184733777434605
p13ulv96964,1.0177724205403718
p13ulv96965,1.0146140885142003
p13ulv96966,1.0174984307737318
p13ulv96967,1.013517135528803
p13ulv96968,1.0168895412078998
p13ulv96969,1.0184097248880568
p13ulv96970,1.014235139373013
p13ulv96971,1.0055776433036363
p13ulv96972,1.0160491413465578
p13ulv96974,1.0148440017322415
p13ulv96975,1.0174980410832526
p13ulv96976,1.0140692540863856
p13ulv96981,1.0140019061564907
p13ulv96982,1.0101723626705232
p13ulv96984,1.0142751025091443
p13ulv96985,1.0041609695003744
p13ulv96986,1.0146489337057436
p13ulv96987,1.0127310431831575
p13ulv96988,1.0152955322796653
p13ulv96989,1.0158526658449585
p13ulv96990,1.012676515653633
p13ulv96991,1.0107125556496914
p13ulv96992,1.0162441525417196
p13ulv96993,1.016110306239752
p13ulv96994,1.0144811369213713
p13ulv96996,1.0158616852826348
p13ulv96997,1.0034633463341411
p13ulv96998,1.0159450004332855
p13ulv96999,1.014359347103612
p13ulv97001,1.015903951038223
p13ulv97002,1.0171868176118153
p13ulv97003,1.010258442524546
p13ulv97004,1.0162053593102263
p13ulv97005,1.0159439371334797
p13ulv97006,1.0156379638096311
p13ulv97007,1.0154995451545428
p13ulv97008,1.0137963524227467
p13ulv97009,1.0106258973690678
p13ulv97010,1.0115277688312172
p13ulv97011,1.0171106428634562
p13ulv97012,1.0141200926735037
p13ulv97014,1.01823026475961
p13ulv97015,1.0150347669872462
p13ulv97016,1.0157246300917424
p13ulv97017,1.0151892627728683
p13ulv97018,1.015110224286169
p13ulv97019,1.0110474806281506
p13ulv97020,1.0137971377205144
p13ulv97021,1.0164334174176792
p13ulv97022,1.0125077104860125
p13ulv97023,1.0104135146260171
p13ulv97024,1.0174657728509784
p13ulv97025,1.0158313539523995
p13ulv97026,1.0153680630871504
p13ulv97027,1.0172131302519174
p13ulv97030,1.011918918887622
p13ulv97031,1.0154217181382097
p13ulv97032,1.0157477372564236
p13ulv97033,1.0156398731091403
p13ulv97034,1.010790181417942
p13ulv97036,1.007114120111047
p13ulv97037,1.0091511502475752
p13ulv97038,1.0157461764859677
p13ulv97039,1.0163757056774056
p13ulv97040,1.0139068608375341
p13ulv97041,1.0155994651750697
p13ulv97042,1.0178651638834613
p13ulv97044,1.0130269980918918
p13ulv97045,1.0107649221718764
p13ulv97047,1.0166692059732474
p13ulv97048,1.0148013802231932
p13ulv97050,1.0178272048602954
p13ulv97052,1.0125459326882615
p13ulv97053,1.0159372248622724
p13ulv97055,1.0165102312269108
p13ulv97056,1.0132143305662367
p13ulv97057,1.0153342669167373
p13ulv97059,1.0157098974532341
p13ulv97060,1.0138566706170038
p13ulv97062,1.0164901654009573
p13ulv97063,1.0135680905826605
p13ulv97064,1.013103671831207
p13ulv97065,1.016812972461179
p13ulv97066,1.0167265406060784
p13ulv97068,1.0178965358305632
p13ulv97070,1.0164509775246193
p13ulv97071,1.0100896913389668
p13ulv97072,1.0148760033545114
p13ulv97073,1.014502648805514
p13ulv97075,1.0129966750904829
p13ulv97077,1.018187620483091
p13ulv97078,1.0172274327208521
p13ulv97079,1.0139000274164571
p13ulv97080,1.0126168803587885
p13ulv97082,1.0171104539024083
p13ulv97083,1.0189325925503625
p13ulv97085,1.0127166809243826
p13ulv97087,1.0136720295698833
p13ulv97088,1.01532974902698
p13ulv97090,1.0153798503993041
p13ulv97092,1.0135655195423272
p13ulv97093,1.0098650718079103
p13ulv97096,1.0151994360261682
p13ulv97100,1.0144517202590673
p13ulv97101,1.0122849029522691
p13ulv97103,1.013666575451663
p13ulv97104,1.0160777536571028
p13ulv97107,1.0113937231624166
p13ulv97109,1.0178682023087315
p13ulv97110,1.0163065306879118
p13ulv97111,1.0183290042273705
p13ulv97114,1.0139534343196188
p13ulv97115,1.0119713644855803
p13ulv97118,1.0147484618334133
p13ulv97120,1.0171713878607993
p13ulv97121,1.0163457770808895
p13ulv97122,1.0183578807312088
p13ulv97127,1.0173275930642736
p13ulv97128,1.0132106204253422
p13ulv97133,1.016331531642109
p13ulv97136,1.0174535450032995
p13ulv97137,1.008620990641567
p13ulv97138,1.008464635814608
p13ulv97145,1.0169098597850184
p13ulv97147,0.9992636079043062
p13ulv97151,1.0069280863982037
p13ulv97156,1.0132253185010858
p13ulv97157,1.0181871883090237
p13ulv97163,1.0134782425214968
p13ulv97164,1.0113064619886885
p13ulv97167,1.0097488274572441
p13ulv97169,1.0179949298469988
p13ulv97171,1.0145376955710819
p13ulv97173,1.0098033155736785
p13ulv97175,1.009025105020275
p13ulv97176,1.0142253523796572
p13ulv98249,1.0125331596717362
p13ulv98260,1.012791227751749
p13ulv98262,1.0114669866943635
p13ulv98276,1.0167618391482567
p13ulv98287,1.0181795377210119
p13ulv98305,1.0185005652363048
p13ulv98317,1.0192326299210026
p13ulv98328,1.0102257832321873
p13ulv98334,1.015265519417739
p13ulv98354,1.0123064669863953
p13ulv98355,1.0114822522282918
p13ulv98367,1.013419394179503
p13ulv98394,1.0188603771849127
p13ulv98400,1.012905357401364
p13ulv98422,1.0131169173283148
p13ulv98436,1.0126032698753087
p13ulv98444,1.0161281884792142
p13ulv98449,1.009644492073627
p13ulv98677,1.0199615907887187
p13ulv98679,1.0179469047128977
p13ulv98680,1.0108860284783838
p13ulv98681,1.0158996979434185
p13ulv98682,1.014780836695292
p13ulv98683,1.0185148355967522
p13ulv98684,1.0141172232372564
p13ulv98685,1.0143916558847774
p13ulv98686,0.9899982398986686
p13ulv98687,1.020160497408631
p13ulv98688,1.0088792332063252
p13ulv98689,1.0176673433102623
p13ulv98690,0.9737419056545487
p13ulv98691,1.0143859249337495
p13ulv98692,1.0196707583035538
p13ulv98693,1.0116470496406547
p13ulv98695,1.0160026747478115
p13ulv98696,1.0123457966599982
p13ulv98697,1.0192979267043465
p13ulv98698,1.0129837071411472
p13ulv98699,1.0114511382740767
p13ulv98700,1.0136289720123808
p13ulv98701,0.9486098125156304
p13ulv98702,1.0193608392995983
p13ulv98703,1.0117501538322644
p13ulv98704,1.0155598953842866
p13ulv98705,1.0160655493698592
p13ulv98706,0.9868967685819703
p13ulv98707,1.0160696181911222
p13ulv98709,1.0135256440039635
p13ulv98710,1.018150866101044
p13ulv98711,1.0157088940634784
p13ulv98712,0.9854932848493967
p13ulv98713,1.015707091728087
p13ulv98714,1.018526122455543
p13ulv98715,1.0141597099560997
p13ulv98716,1.0116968297387814
p13ulv98717,1.0100250575265584
p13ulv98719,1.01628729105982
p13ulv98720,0.9848585001281798
p13ulv98721,1.0144241154027984
p13ulv98722,1.0196885058932814
p13ulv98723,1.0214961030318004
p13ulv98724,1.007388677231298
p13ulv98725,1.0169389749708952
p13ulv98726,1.0165739841061456
p13ulv98727,1.017481375321752
p13ulv98728,1.0065078890019343
p13ulv98729,0.9740345152264251
p13ulv98730,1.01661131007137
p13ulv98731,1.0082960126579268
p13ulv98732,1.0140787473965314
p13ulv98734,1.0158029607139625
p13ulv98735,1.0105194497226475
p13ulv98736,1.0135010797244703
p13ulv98737,1.0102789995132935
p13ulv98738,1.0188912737434221
p13ulv98739,1.015743463272612
p13ulv98740,1.01418932768942
p13ulv98741,1.0159733210741106
p13ulv98742,1.0183294700975973
p13ulv98743,0.9853910329232709
p13ulv98744,1.0193454927410928
p13ulv98746,1.0129091239313304
p13ulv98747,1.0150673699407249
p13ulv98748,1.0171164651283555
p13ulv98749,1.0102604983109114
p13ulv98750,1.0163146151868288
p13ulv98751,1.01756714500677
p13ulv98753,1.0116073635090972
p13ulv98754,1.0165794741789584
p13ulv98755,1.0099217634084905
p13ulv98756,1.0119289801809273
p13ulv98758,1.0105908205304872
p13ulv98759,1.0110450692531407
p13ulv98760,1.0142279313065288
p13ulv98761,1.0181286782861774
p13ulv98762,1.0136418235575406
p13ulv98763,1.011304623545076
p13ulv98764,1.0175444332420072
p13ulv98766,1.0169695925714284
p13ulv98768,1.0180024259605012
p13ulv98769,1.0113332027295097
p13ulv98770,1.0191949473009188
p13ulv98772,1.0177439806582647
p13ulv98773,1.0133021726315563
p13ulv98774,1.011762338307853
p13ulv98775,1.016996132844565
p13ulv98776,1.0129077311151842
p13ulv98778,1.0157030262824864
p13ulv98779,1.0116427399042722
p13ulv98781,1.016330250043042
p13ulv98782,1.0122894173167005
p13ulv98783,1.0131038476971987
p13ulv98784,1.0170365203498875
p13ulv98785,1.0171106834417676
p13ulv98786,1.0176742363431637
p13ulv98788,1.009103745850055
p13ulv98789,1.0154178326006373
p13ulv98790,1.0105510735824876
p13ulv98791,1.0125296256770535
p13ulv98792,1.0185150899239683
p13ulv98793,1.0135462770979098
p13ulv98795,1.0174366707987188
p13ulv98796,1.0114273583792606
p13ulv98797,1.0118338921747754
p13ulv98798,1.017561469365544
p13ulv98799,1.0188120635885793
p13ulv98800,1.0102023690367044
p13ulv98801,1.016406663521741
p13ulv98802,1.0198626615647672
p13ulv98803,1.0112161210461128
p13ulv98804,1.0110492481350115
p13ulv98805,1.0129409161587337
p13ulv98807,1.0120738301264403
p13ulv98808,1.0178601321470406
p13ulv98811,1.015151281694212
p13ulv98812,1.0164632401898137
p13ulv98813,1.0168478453173169
p13ulv98814,1.0103317715943598
p13ulv98815,1.0163909291204978
p13ulv98816,1.012158657209594
p13ulv98818,1.0124092423098414
p13ulv98819,1.0172397634111174
p13ulv98820,1.0169961184065262
p13ulv98821,1.0093101969607634
p13ulv98822,1.0166263361978
p13ulv98824,1.0166265729704302
p13ulv98825,1.0166455221853914
p13ulv98826,1.0126362134901652
p13ulv98827,1.0101461799922662
p13ulv98829,1.0170565012640616
p13ulv98830,1.016979701957149
p13ulv98831,1.017117041013488
p13ulv98832,1.0148831327912815
p13ulv98833,1.0123159133359412
p13ulv98834,1.0100676148684427
p13ulv98835,1.0169525385016458
p13ulv98836,1.0166394399362055
p13ulv98837,1.0086122058730451
p13ulv98838,1.0125410015290774
p13ulv98840,1.0151724147432128
p13ulv98841,1.0171348756044325
p13ulv98843,1.0160751963260082
p13ulv98845,1.010284853783012
p13ulv98846,1.0155642188829326
p13ulv98848,1.0143375113587738
p13ulv98850,1.017569692554775
p13ulv98851,1.01067188901723
p13ulv98852,1.0085268327765713
p13ulv98853,1.0174873972645657
p13ulv98854,1.0174516079265834
p13ulv98855,1.0174407896180178
p13ulv98856,1.0110781238683373
p13ulv98857,1.0092228651856157
p13ulv98859,1.0180508497804475
p13ulv98861,1.014710593309072
p13ulv98862,1.0111023941261144
p13ulv98863,1.0151848416555573
p13ulv98864,1.0088746141272322
p13ulv98865,1.0180136118775192
p13ulv98867,1.0107873965986551
p13ulv98868,1.014820127452292
p13ulv98869,1.0176710144326317
p13ulv98870,1.0167684944280313
p13ulv98871,1.0154230978314547
p13ulv98873,1.014879425239965
p13ulv98874,1.0164299318882009
p13ulv98876,1.0174005402203634
p13ulv98877,1.0161351714143059
p13ulv98878,1.0115658163069736
p13ulv98879,1.0112392886481896
p13ulv98880,1.012036916689275
p13ulv98881,1.0153767297047067
p13ulv98882,1.0143275236203941
p13ulv98883,1.0175454841167129
p13ulv98884,1.015351565757531
p13ulv98885,1.0162879581281092
p13ulv98886,1.0087090286947735
p13ulv98887,1.0125078215606602
p13ulv98888,1.0106191924716657
p13ulv98889,1.0121919864784035
p13ulv98890,1.0104320126702153
p13ulv99997,1.0204820290957963
